kind,osm_type,source_id
road,way,6175282
road,way,6175309
road,way,7979894
road,way,7979895
road,way,7979896
road,way,7979909
road,way,7979990
road,way,7979992
road,way,7980079
road,way,7980080
road,way,7980084
road,way,7980086
road,way,7980088
road,way,7980089
road,way,7980090
road,way,7980091
road,way,7980092
road,way,7981016
road,way,7981017
road,way,7981019
road,way,7981985
road,way,7981987
road,way,8075943
road,way,8075944
road,way,8075945
road,way,8075947
road,way,8075953
road,way,8075954
road,way,8078715
road,way,8090816
road,way,8098963
road,way,8098984
road,way,8098985
road,way,8113317
road,way,10443852
road,way,24929865
road,way,24972488
road,way,24972489
road,way,24972490
road,way,24972491
road,way,24972492
road,way,24972494
road,way,24972496
road,way,24972497
road,way,30412194
road,way,30412198
road,way,30412395
road,way,30412396
road,way,30412397
road,way,30412398
road,way,30412399
road,way,30412400
road,way,30412456
road,way,30412458
road,way,30412559
road,way,30412560
road,way,30412561
road,way,30778489
road,way,38891149
road,way,38891150
road,way,38891151
road,way,40321926
road,way,40321942
road,way,40321960
road,way,40322907
road,way,40323564
road,way,40323639
road,way,40775891
road,way,40775946
road,way,40775997
road,way,40775998
road,way,40776002
road,way,41144183
road,way,41991536
road,way,55897574
road,way,55897575
road,way,59558292
road,way,59558297
road,way,59558297
road,way,59558301
road,way,59558304
road,way,59558305
road,way,59558307
road,way,59558310
road,way,59558314
road,way,59558316
road,way,59558320
road,way,59558322
road,way,59558326
road,way,59558330
road,way,59558332
road,way,59558333
road,way,59558336
road,way,59558342
road,way,59558344
road,way,59558347
road,way,59567323
road,way,59567324
road,way,59567325
road,way,59567326
road,way,59567327
road,way,59567329
road,way,59567330
road,way,59567331
road,way,59567332
road,way,59567333
road,way,61935778
road,way,61935780
road,way,61936584
road,way,62143392
road,way,62143394
road,way,62143395
road,way,62143396
road,way,62143397
road,way,62144181
road,way,62144199
road,way,62144200
road,way,62144202
road,way,62144203
road,way,62144204
road,way,62331431
road,way,62331433
road,way,62331434
road,way,68763006
road,way,68763281
road,way,68763283
road,way,75870620
road,way,75871131
road,way,75871201
road,way,75871645
road,way,75871804
road,way,75875468
road,way,75875470
road,way,75875473
road,way,75875475
road,way,75875476
road,way,75875482
road,way,75875484
road,way,75875486
road,way,75876760
road,way,75876762
road,way,75876763
road,way,76022082
road,way,76022083
road,way,76022084
road,way,76022085
road,way,76022087
road,way,76022093
road,way,76022096
road,way,76022098
road,way,76022102
road,way,76022104
road,way,76022114
road,way,76022119
road,way,76022120
road,way,76022123
road,way,76022127
road,way,76022133
road,way,76022136
road,way,76022141
road,way,76022143
road,way,76206707
road,way,76206709
road,way,76206710
road,way,76206711
road,way,76206712
road,way,76206713
road,way,76206714
road,way,76206715
road,way,76206716
road,way,76206718
road,way,76206719
road,way,76206720
road,way,76206721
road,way,76206722
road,way,76206723
road,way,76206724
road,way,76206725
road,way,76206726
road,way,76206727
road,way,76206728
road,way,76206730
road,way,76206732
road,way,76206734
road,way,76206735
road,way,76206736
road,way,76206737
road,way,76206738
road,way,76206739
road,way,76206744
road,way,76206748
road,way,76206750
road,way,76206753
road,way,76206755
road,way,76206760
road,way,76381195
road,way,76381196
road,way,76381197
road,way,76381198
road,way,76381199
road,way,76381200
road,way,76381201
road,way,76381202
road,way,76381204
road,way,76381205
road,way,76381207
road,way,76381208
road,way,76381209
road,way,76381210
road,way,76381213
road,way,76381214
road,way,76381215
road,way,76381432
road,way,76381434
road,way,76752268
road,way,76752270
road,way,76752273
road,way,76752275
road,way,76752276
road,way,76752277
road,way,76752278
road,way,76752280
road,way,76752281
road,way,76752283
road,way,76752284
road,way,76752285
road,way,76752286
road,way,76752287
road,way,76816703
road,way,76816705
road,way,76816707
road,way,76816740
road,way,76816742
road,way,76816745
road,way,76816759
road,way,76816761
road,way,76816762
road,way,76816763
road,way,76816764
road,way,76816765
road,way,76816766
road,way,76816767
road,way,76845046
road,way,76845050
road,way,76845051
road,way,76845052
road,way,76845056
road,way,76845057
road,way,76845059
road,way,76845060
road,way,76845063
road,way,76845064
road,way,76845066
road,way,76845067
road,way,76845068
road,way,76845069
road,way,76845070
road,way,76845071
road,way,80572453
road,way,81027591
road,way,81027621
road,way,92344057
road,way,92344058
road,way,121392678
road,way,121392679
road,way,121392681
road,way,121392682
road,way,129318360
road,way,129908169
road,way,129908170
road,way,129911404
road,way,129911406
road,way,129911408
road,way,129911409
road,way,129911411
road,way,129911415
road,way,129912733
road,way,129915498
road,way,129915499
road,way,129915511
road,way,129915513
road,way,129915516
road,way,129915517
road,way,129915519
road,way,129915521
road,way,129915541
road,way,129915544
road,way,129915546
road,way,129915551
road,way,129915553
road,way,129915556
road,way,130427651
road,way,130427652
road,way,130427653
road,way,130427654
road,way,130427770
road,way,130446036
road,way,130446037
road,way,130446038
road,way,132750426
road,way,132750431
road,way,132750432
road,way,132750434
road,way,132750435
road,way,137327855
road,way,137327868
road,way,137327948
road,way,137328207
road,way,137328228
road,way,137328292
road,way,137328351
road,way,137329478
road,way,147905348
road,way,147908397
road,way,147908401
road,way,147908408
road,way,147908413
road,way,147908417
road,way,147908419
road,way,147908423
road,way,147909364
road,way,147909365
road,way,147910202
road,way,168037199
road,way,168037200
road,way,172114154
road,way,172114271
road,way,172821896
road,way,176129957
road,way,180992557
road,way,180992558
road,way,180992559
road,way,180992560
road,way,180992561
road,way,180992562
road,way,180992563
road,way,180992564
road,way,180992565
road,way,180992566
road,way,180992567
road,way,180992569
road,way,180992571
road,way,180992572
road,way,180993819
road,way,195853616
road,way,196252870
road,way,211442686
road,way,211442687
road,way,211442690
road,way,211442692
road,way,213187170
road,way,213239610
road,way,213539805
road,way,213539806
road,way,217330807
road,way,217330808
road,way,217330809
road,way,217330813
road,way,222601806
road,way,222601807
road,way,222601808
road,way,222601810
road,way,222601812
road,way,225253242
road,way,225253243
road,way,225253244
road,way,225253245
road,way,225253246
road,way,225253634
road,way,225253637
road,way,226693532
road,way,227133075
road,way,227133100
road,way,228993657
road,way,228993659
road,way,228994852
road,way,229683682
road,way,229683683
road,way,229683684
road,way,229683686
road,way,229683687
road,way,229689093
road,way,229689096
road,way,229689097
road,way,229689098
road,way,229689099
road,way,229689100
road,way,229689101
road,way,229689102
road,way,229689103
road,way,229689105
road,way,229693745
road,way,229693746
road,way,229693747
road,way,229693748
road,way,229693749
road,way,229693750
road,way,229693752
road,way,229693753
road,way,229693754
road,way,229694438
road,way,229694439
road,way,229694440
road,way,229694441
road,way,229694442
road,way,229694443
road,way,229694444
road,way,234172654
road,way,234172656
road,way,234172659
road,way,234172661
road,way,234172664
road,way,234172665
road,way,234172667
road,way,234223848
road,way,235194008
road,way,235194009
road,way,235196141
road,way,235196803
road,way,236843116
road,way,236843117
road,way,236843118
road,way,238121007
road,way,238121008
road,way,238121009
road,way,238123479
road,way,244008050
road,way,244126581
road,way,245216514
road,way,245502714
road,way,245502716
road,way,245506013
road,way,245506014
road,way,245506015
road,way,245506016
road,way,245506017
road,way,245506018
road,way,245506019
road,way,245506020
road,way,245506021
road,way,245506022
road,way,245537739
road,way,245537740
road,way,245537742
road,way,245537743
road,way,245537744
road,way,245537745
road,way,245537748
road,way,245550481
road,way,245556156
road,way,246271826
road,way,290509436
road,way,290591008
road,way,290591009
road,way,290591011
road,way,290602776
road,way,290602777
road,way,290603118
road,way,291494160
road,way,291494162
road,way,291494163
road,way,291494164
road,way,291494165
road,way,292150448
road,way,292150449
road,way,292150562
road,way,295982033
road,way,295982034
road,way,296011740
road,way,298791707
road,way,298791715
road,way,298791718
road,way,298791720
road,way,298791723
road,way,301570272
road,way,301570273
road,way,301570274
road,way,301570275
road,way,301570276
road,way,301570278
road,way,301570279
road,way,301570281
road,way,301570282
road,way,301570283
road,way,301688773
road,way,301688774
road,way,301713394
road,way,301713396
road,way,301774806
road,way,301774986
road,way,301940880
road,way,303692947
road,way,303692948
road,way,303692949
road,way,303692950
road,way,303693510
road,way,303693511
road,way,303693512
road,way,303693514
road,way,303693515
road,way,303693516
road,way,303693517
road,way,303693520
road,way,303693521
road,way,303693542
road,way,303693543
road,way,327056481
road,way,327056483
road,way,327056484
road,way,327056486
road,way,327056487
road,way,327615145
road,way,327615146
road,way,330970062
road,way,330970063
road,way,330970064
road,way,330970065
road,way,330970066
road,way,330970067
road,way,330970068
road,way,330970069
road,way,330970070
road,way,333654371
road,way,333654373
road,way,333654375
road,way,333654377
road,way,333654382
road,way,333654383
road,way,333654384
road,way,333654385
road,way,333654386
road,way,333659900
road,way,333659903
road,way,333659905
road,way,333659906
road,way,333659907
road,way,333659908
road,way,333659909
road,way,333659910
road,way,333659912
road,way,360474431
road,way,360475545
road,way,360475546
road,way,360477895
road,way,360477897
road,way,360477898
road,way,360528965
road,way,360528968
road,way,360528973
road,way,360532175
road,way,360532183
road,way,360532188
road,way,360532190
road,way,360532192
road,way,360564864
road,way,360564865
road,way,360564867
road,way,360564869
road,way,360564870
road,way,360565074
road,way,360565273
road,way,360567628
road,way,360568597
road,way,360568598
road,way,365959634
road,way,365961312
road,way,365961313
road,way,369553956
road,way,389592906
road,way,389593425
road,way,389593426
road,way,389594533
road,way,389594535
road,way,389594536
road,way,390797579
road,way,392740865
road,way,392740866
road,way,392740867
road,way,392740868
road,way,395066809
road,way,395066810
road,way,395066811
road,way,395073691
road,way,397998487
road,way,423107342
road,way,423107343
road,way,423108633
road,way,423217700
road,way,437761968
road,way,437761969
road,way,437761970
road,way,439881524
road,way,439881526
road,way,440082402
road,way,440085278
road,way,443028532
road,way,448549362
road,way,469716221
road,way,469716222
road,way,469716223
road,way,469716225
road,way,469716226
road,way,469716227
road,way,536508903
road,way,536508904
road,way,536508905
road,way,536508906
road,way,536508912
road,way,536508912
road,way,547501493
road,way,547501822
road,way,547501823
road,way,547501824
road,way,582863771
road,way,583428622
road,way,583428623
road,way,583428624
road,way,583428625
road,way,583428626
road,way,583428629
road,way,583428630
road,way,583428631
road,way,583428632
road,way,583428633
road,way,583428634
road,way,583428635
road,way,583428636
road,way,583428637
road,way,583428638
road,way,583428639
road,way,583428640
road,way,583428641
road,way,583428642
road,way,583428645
road,way,583428646
road,way,583428647
road,way,583428651
road,way,583428652
road,way,583428654
road,way,583428657
road,way,583428658
road,way,583428659
road,way,583428660
road,way,583428661
road,way,583428662
road,way,586605630
road,way,591642351
road,way,591642352
road,way,591666432
road,way,591666433
road,way,612232236
road,way,612240213
road,way,612240214
road,way,612335562
road,way,622063725
road,way,622063726
road,way,622063738
road,way,622063739
road,way,622063741
road,way,622063743
road,way,622063745
road,way,622063746
road,way,622063750
road,way,622063751
road,way,622063753
road,way,622063758
road,way,622063768
road,way,622063770
road,way,622063776
road,way,622063795
road,way,622063797
road,way,622063798
road,way,622063800
road,way,622063817
road,way,622063865
road,way,622063867
road,way,622063885
road,way,622063888
road,way,622063889
road,way,622063890
road,way,622063891
road,way,622063894
road,way,622063895
road,way,622063896
road,way,622063896
road,way,622063896
road,way,622063896
road,way,622063896
road,way,622063898
road,way,622063901
road,way,622063902
road,way,622063903
road,way,622063905
road,way,622063907
road,way,622063909
road,way,622063913
road,way,622063914
road,way,622063916
road,way,622063918
road,way,622063921
road,way,622063923
road,way,622063924
road,way,622063928
road,way,622063930
road,way,622063932
road,way,622063952
road,way,622063954
road,way,622063956
road,way,622063957
road,way,622063964
road,way,622063966
road,way,622063968
road,way,622063970
road,way,622063971
road,way,622063973
road,way,622063990
road,way,622063992
road,way,622063993
road,way,622064000
road,way,622064003
road,way,622064008
road,way,622064011
road,way,622064012
road,way,622064014
road,way,622064015
road,way,622064017
road,way,622064019
road,way,622064021
road,way,622117741
road,way,622117742
road,way,622117743
road,way,622117744
road,way,622117745
road,way,622117746
road,way,622117747
road,way,622117749
road,way,622117750
road,way,622117751
road,way,622117752
road,way,622117753
road,way,622117754
road,way,622117755
road,way,622117756
road,way,622117757
road,way,622117763
road,way,622117764
road,way,622117765
road,way,622117766
road,way,622117771
road,way,622117772
road,way,622117773
road,way,622117778
road,way,622117780
road,way,622117781
road,way,622117783
road,way,622117784
road,way,622117785
road,way,622117786
road,way,622117787
road,way,622117788
road,way,622117789
road,way,622117790
road,way,622117791
road,way,622117792
road,way,622117793
road,way,622117795
road,way,622117800
road,way,622140892
road,way,622140903
road,way,622140905
road,way,622140930
road,way,622140931
road,way,622140932
road,way,622140933
road,way,622140934
road,way,622140935
road,way,622140936
road,way,622140937
road,way,622140938
road,way,622140939
road,way,622140940
road,way,622140941
road,way,622140946
road,way,622140947
road,way,622140948
road,way,622140954
road,way,622140955
road,way,622140956
road,way,622140957
road,way,622140962
road,way,622140963
road,way,622140981
road,way,622364294
road,way,622364297
road,way,622364309
road,way,622364311
road,way,622364312
road,way,622364314
road,way,622364315
road,way,622364316
road,way,622364318
road,way,622364319
road,way,622364320
road,way,622364323
road,way,622364328
road,way,622379543
road,way,622379558
road,way,622379559
road,way,622379564
road,way,622379565
road,way,622379570
road,way,622379571
road,way,622379581
road,way,622379582
road,way,622379583
road,way,622379584
road,way,622379585
road,way,622379586
road,way,622379587
road,way,622379588
road,way,622379590
road,way,622379600
road,way,622379601
road,way,622389386
road,way,622389388
road,way,622389390
road,way,622389391
road,way,622432655
road,way,622432658
road,way,622432664
road,way,622432667
road,way,622432671
road,way,622432676
road,way,622432680
road,way,622432681
road,way,622432687
road,way,622432690
road,way,622432692
road,way,622432696
road,way,622432697
road,way,622432699
road,way,622432702
road,way,622432704
road,way,622432705
road,way,622432761
road,way,622432776
road,way,622432779
road,way,622432780
road,way,622432781
road,way,622432782
road,way,622432783
road,way,622432785
road,way,622432795
road,way,622432796
road,way,622432824
road,way,622432826
road,way,622432838
road,way,622432840
road,way,622432842
road,way,622476890
road,way,622476891
road,way,622476892
road,way,622476915
road,way,622476917
road,way,622476920
road,way,622476922
road,way,622476932
road,way,622476935
road,way,622476937
road,way,622476939
road,way,622476969
road,way,622476970
road,way,622476973
road,way,622476974
road,way,622476975
road,way,622476976
road,way,622476978
road,way,622476979
road,way,622476980
road,way,622476981
road,way,622476983
road,way,622476985
road,way,622476997
road,way,622477000
road,way,622477001
road,way,622477002
road,way,622477015
road,way,622477016
road,way,622477018
road,way,622477023
road,way,622477027
road,way,622477029
road,way,622477030
road,way,622477031
road,way,622477033
road,way,622477034
road,way,622477035
road,way,622477037
road,way,622477038
road,way,622477039
road,way,622477041
road,way,622477042
road,way,622477049
road,way,622477069
road,way,622477070
road,way,622477071
road,way,622477073
road,way,622477074
road,way,622477076
road,way,622477077
road,way,622477086
road,way,622701635
road,way,622701636
road,way,622701642
road,way,622701643
road,way,622701647
road,way,622701672
road,way,622701673
road,way,622701674
road,way,622701675
road,way,622701677
road,way,622701678
road,way,622701681
road,way,622701682
road,way,622701683
road,way,622701716
road,way,622701717
road,way,622701718
road,way,622701719
road,way,622701720
road,way,622701721
road,way,622701722
road,way,622701723
road,way,622701724
road,way,622701730
road,way,622701731
road,way,622701732
road,way,622701733
road,way,622701734
road,way,622701735
road,way,622701736
road,way,622701737
road,way,622701738
road,way,622792460
road,way,622814534
road,way,622814561
road,way,622814563
road,way,622814571
road,way,622814573
road,way,622814577
road,way,622814579
road,way,622814581
road,way,622814583
road,way,622814588
road,way,622814590
road,way,622814604
road,way,622814607
road,way,622814630
road,way,622814663
road,way,622814665
road,way,622814667
road,way,622814671
road,way,622814705
road,way,622814708
road,way,622899144
road,way,622899145
road,way,622899147
road,way,622899148
road,way,622899150
road,way,622899151
road,way,622899152
road,way,622899153
road,way,622899159
road,way,622899160
road,way,622899161
road,way,622899162
road,way,622899169
road,way,622899170
road,way,622899173
road,way,622899174
road,way,622899175
road,way,622899180
road,way,622899181
road,way,623054019
road,way,623054020
road,way,623054026
road,way,623054028
road,way,623054036
road,way,623054039
road,way,623054041
road,way,623054042
road,way,623054044
road,way,623054053
road,way,623054054
road,way,623054057
road,way,623054070
road,way,623054074
road,way,623054077
road,way,623054078
road,way,623054083
road,way,623054084
road,way,623054085
road,way,623054088
road,way,623054089
road,way,623054092
road,way,623188380
road,way,623188382
road,way,623188384
road,way,623188398
road,way,623188411
road,way,623188413
road,way,623188423
road,way,623188425
road,way,623188427
road,way,623203649
road,way,623203650
road,way,623203651
road,way,623203652
road,way,623203653
road,way,623203654
road,way,623203656
road,way,623203657
road,way,623203659
road,way,623203660
road,way,623203668
road,way,623203669
road,way,623203670
road,way,623203671
road,way,623203672
road,way,623203676
road,way,623366424
road,way,623366425
road,way,623366435
road,way,623366440
road,way,623430707
road,way,623430708
road,way,623430709
road,way,623430710
road,way,623430713
road,way,623430714
road,way,623430715
road,way,623430716
road,way,623430717
road,way,623430718
road,way,623430719
road,way,623430720
road,way,623430722
road,way,623430723
road,way,623430724
road,way,627871427
road,way,627871428
road,way,627886230
road,way,630453036
road,way,639833561
road,way,639833562
road,way,639833563
road,way,654559566
road,way,654559569
road,way,654559570
road,way,654559571
road,way,654559572
road,way,654559573
road,way,654559576
road,way,654559579
road,way,654559580
road,way,668176841
road,way,668176842
road,way,668176843
road,way,668176844
road,way,668176845
road,way,668176846
road,way,673986713
road,way,673986714
road,way,673986715
road,way,673986716
road,way,673989925
road,way,673989926
road,way,678688597
road,way,678688598
road,way,686869658
road,way,691405376
road,way,691405377
road,way,691405378
road,way,691405379
road,way,691405380
road,way,691405381
road,way,691405382
road,way,691405383
road,way,691405384
road,way,691405385
road,way,691405386
road,way,712005799
road,way,712005800
road,way,712012857
road,way,712014231
road,way,712020440
road,way,712020441
road,way,717096909
road,way,717096910
road,way,725964107
road,way,725964108
road,way,736880459
road,way,742014081
road,way,742014082
road,way,742014083
road,way,762685035
road,way,762685036
road,way,762988386
road,way,762988387
road,way,763943296
road,way,784329947
road,way,784329948
road,way,784329949
road,way,784329950
road,way,784329951
road,way,784329952
road,way,784329953
road,way,784329954
road,way,784329955
road,way,784329956
road,way,784329957
road,way,786518474
road,way,894288079
road,way,923781359
road,way,923781360
road,way,923781361
road,way,923781362
road,way,923781363
road,way,923784627
road,way,923784628
road,way,923784629
road,way,960818470
road,way,960818471
road,way,960818472
road,way,960831682
road,way,960831683
road,way,979825728
road,way,979825729
road,way,979825805
road,way,979825806
road,way,979825811
road,way,979825812
road,way,979825813
road,way,979883317
road,way,979883318
road,way,979883321
road,way,979883325
road,way,979883327
road,way,979883333
road,way,979883335
road,way,979883338
road,way,979883342
road,way,979883343
road,way,979883344
road,way,979883345
road,way,979883346
road,way,979883347
road,way,979883348
road,way,979883349
road,way,979883350
road,way,979883351
road,way,979883352
road,way,979883353
road,way,979883354
road,way,979883355
road,way,979883356
road,way,979883357
road,way,979883358
road,way,979883359
road,way,992323784
road,way,992323785
road,way,992323786
road,way,992323787
road,way,992323788
road,way,992323789
road,way,992323790
road,way,992400049
road,way,992400050
road,way,992400051
road,way,992400052
road,way,992400053
road,way,992400054
road,way,992400055
road,way,992400056
road,way,992400057
road,way,1027429608
road,way,1027429609
road,way,1027429610
road,way,1027429611
road,way,1027429612
road,way,1027429613
road,way,1027429614
road,way,1027429615
road,way,1027429617
road,way,1027429618
road,way,1027429619
road,way,1027429620
road,way,1027429621
road,way,1027463430
road,way,1027463431
road,way,1027463432
road,way,1027463433
road,way,1067230167
road,way,1067230168
road,way,1075237481
road,way,1075237482
road,way,1075237483
road,way,1078354760
road,way,1078354761
road,way,1078354762
road,way,1079484581
road,way,1079484582
road,way,1079484583
road,way,1079637339
road,way,1079637340
road,way,1079637341
road,way,1079637342
road,way,1079637343
road,way,1079637344
road,way,1079637345
road,way,1079637346
road,way,1079637347
road,way,1079637348
road,way,1079637349
road,way,1079637350
road,way,1079637351
road,way,1079637352
road,way,1079637353
road,way,1079637354
road,way,1079637355
road,way,1079637356
road,way,1079637357
road,way,1079637358
road,way,1079637359
road,way,1079637360
road,way,1079637362
road,way,1090345704
road,way,1090564159
road,way,1090564165
road,way,1090564166
road,way,1090565017
road,way,1090565018
road,way,1090577737
road,way,1090577739
road,way,1090577751
road,way,1090577752
road,way,1090577762
road,way,1126320573
road,way,1126320574
road,way,1126320578
road,way,1131048797
road,way,1131048798
road,way,1131048799
road,way,1131048800
road,way,1131048801
road,way,1131048805
road,way,1131048806
road,way,1131048807
road,way,1131048808
road,way,1131048809
road,way,1131048810
road,way,1131048812
road,way,1131048813
road,way,1131048814
road,way,1131048815
road,way,1137119636
road,way,1137119637
road,way,1137119638
road,way,1137119639
road,way,1137119640
road,way,1137119641
road,way,1137120717
road,way,1137120718
road,way,1137120719
road,way,1137120720
road,way,1137120721
road,way,1137120722
road,way,1149736600
road,way,1149736601
road,way,1149736602
road,way,1149745733
road,way,1149745734
road,way,1149745735
road,way,1149745740
road,way,1149745744
road,way,1149745745
road,way,1149745746
road,way,1149745747
road,way,1149745748
road,way,1149745749
road,way,1149745750
road,way,1149745819
road,way,1150272210
road,way,1150272211
road,way,1150272212
road,way,1150272213
road,way,1150272214
road,way,1150272217
road,way,1150272218
road,way,1150272219
road,way,1150272221
road,way,1150272222
road,way,1150272223
road,way,1150272224
road,way,1150272225
road,way,1170386351
road,way,1170386352
road,way,1170386354
road,way,1170389048
road,way,1170389049
road,way,1170389050
road,way,1170389051
road,way,1170389052
road,way,1170389053
road,way,1170389054
road,way,1170389055
road,way,1170389056
road,way,1170389057
road,way,1170389058
road,way,1187690960
road,way,1196039183
road,way,1196039184
road,way,1196039186
road,way,1196039187
road,way,1196039192
road,way,1196039194
road,way,1196039195
road,way,1203866565
road,way,1204412717
road,way,1206602065
road,way,1207895076
road,way,1207895077
road,way,1207895078
road,way,1207895079
road,way,1207895080
road,way,1207895081
road,way,1207895082
road,way,1207895083
road,way,1207895084
road,way,1207895085
road,way,1207895086
road,way,1216248591
road,way,1216249353
road,way,1216249972
road,way,1220287976
road,way,1220289036
road,way,1220289037
road,way,1220289038
road,way,1233500407
road,way,1233500408
road,way,1233500409
road,way,1233500410
road,way,1233500411
road,way,1233500412
road,way,1233500413
road,way,1233500414
road,way,1233500416
road,way,1233500417
road,way,1233500418
road,way,1233500419
road,way,1233500420
road,way,1233500422
road,way,1233500423
road,way,1233500424
road,way,1237844367
road,way,1271262834
road,way,1271262836
road,way,1271266503
road,way,1271266504
road,way,1271266505
road,way,1271266506
road,way,1271266509
road,way,1271266510
road,way,1271573798
road,way,1271573800
road,way,1271573801
road,way,1271573802
road,way,1271574478
road,way,1276203630
road,way,1276205405
road,way,1276205958
road,way,1276205959
road,way,1276208677
road,way,1276209037
road,way,1277845333
road,way,1277845334
road,way,1277846610
road,way,1280692650
road,way,1280693529
road,way,1280693530
road,way,1280693531
road,way,1280693635
road,way,1280693818
road,way,1280693941
road,way,1280694192
road,way,1280694510
road,way,1292618766
road,way,1292618767
road,way,1292618768
road,way,1293040158
road,way,1296041600
road,way,1296041601
road,way,1302743125
road,way,1302743129
road,way,1304300655
road,way,1304300656
road,way,1304300658
road,way,1304300659
road,way,1314488662
road,way,1314488663
road,way,1340030000
road,way,1340030001
road,way,1340030002
road,way,1340030003
road,way,1340030004
road,way,1354607770
road,way,1373170028
road,way,1373170029
road,way,1373170030
road,way,1373170031
road,way,1373170033
road,way,1373170034
road,way,1373170036
road,way,1373170037
road,way,1373170038
road,way,1373170039
road,way,1373170040
road,way,1373170041
road,way,1373170042
road,way,1393837036
road,way,1393845790
road,way,1393845791
road,way,1393845792
road,way,1393845793
road,way,1393845794
road,way,1393845795
road,way,1393845796
road,way,1393845797
road,way,1395153129
road,way,1395153137
road,way,1415443421
road,way,1421976569
road,way,1421976571
road,way,1426083202
road,way,1426087757
road,way,1426869222
road,way,1427682091
road,way,1431566568
road,way,1431566569
road,way,1432308236
road,way,1432308240
road,way,1446794831
road,way,1446794832
road,way,1446794833
road,way,1446794834
road,way,1446794835
road,way,1446794836
road,way,1446794837
road,way,1446794838
road,way,1495283964
road,way,1495283967
road,way,1511117245
road,way,1511492157
road,way,1511500667
road,way,1512682059
road,way,1512682060
road,way,1512682061
road,way,1513674480
road,way,1513674481
road,way,1525404094
road,way,1525407651
road,way,1525529028
road,way,1527631272
road,way,1527631273
road,way,1527631274
road,way,1527631275
road,way,1527631276
road,way,1527631277
road,way,1527631278
road,way,1527631279
road,way,1527631280
road,way,1527631281
road,way,1527631282
road,way,1527631283
road,way,1527634177
road,way,1527639099
road,way,1533085086
road,way,1533085087
road,way,1533085088
road,way,1533085089
road,way,1533085090
road,way,1533085091
road,way,1533085092
road,way,1533085093
road,way,1533085094
road,way,1533085095
road,way,1533085096
road,way,1533085097
road,way,1533085098
road,way,1533085099
road,way,1533085100
road,way,1533085101
road,way,1537725278
road,way,1537725279
road,way,1537725280
road,way,1537725281
road,way,1539095000
road,way,1547638179
road,way,1547638180
road,way,1547638181
road,way,1547638182
road,way,1547638183
road,way,1547638184
road,way,1547638185
road,way,1550143613
road,way,1550143614
road,way,1550143615
road,way,1550148428
road,way,1550148429
road,way,1550148430
road,way,1550148431
road,way,1550148432
road,way,1550148433
road,way,1550148434
road,way,1550148435
road,way,1550148436
road,way,1550148437
road,way,1550148438
road,way,1550148439
road,way,1550148440
road,way,1550148441
road,way,1550148442
road,way,1550148443
road,way,1550148444
road,way,1550148445
road,way,1550148446
road,way,1550148447
road,way,1550148448
road,way,1550148449
road,way,1550169672
road,way,1550169673
road,way,1550169674
road,way,1550169675
road,way,1550169676
road,way,1550169677
road,way,1550172167
road,way,1550172168
road,way,1552910738
road,way,1552911371
road,way,1552911372
road,way,1557207021
road,way,1557207022
building,relation,3308958
building,relation,8026011
building,way,59558311
building,way,180992553
building,way,217330806
building,way,217657684
building,way,229683688
building,way,234223845
building,way,236843108
building,way,242482570
building,way,244735653
building,way,244735656
building,way,244735660
building,way,244735665
building,way,244735667
building,way,244735671
building,way,244735672
building,way,244735673
building,way,244735674
building,way,244735675
building,way,244735676
building,way,244735677
building,way,244735678
building,way,244735679
building,way,244735680
building,way,244735681
building,way,244735682
building,way,244735684
building,way,244735686
building,way,244735689
building,way,244735691
building,way,244735693
building,way,244735696
building,way,244735699
building,way,244735703
building,way,244735706
building,way,244735710
building,way,244735712
building,way,244735715
building,way,244735718
building,way,244735721
building,way,244735724
building,way,244735728
building,way,244735730
building,way,244735731
building,way,244735733
building,way,244735735
building,way,244735737
building,way,244735742
building,way,244735744
building,way,244735750
building,way,244735756
building,way,244735758
building,way,244735762
building,way,244735766
building,way,244735772
building,way,244735776
building,way,244735780
building,way,244735787
building,way,244735793
building,way,244735796
building,way,244735800
building,way,244735802
building,way,244735805
building,way,244735807
building,way,244735810
building,way,244735812
building,way,244735814
building,way,244735817
building,way,244735819
building,way,244735823
building,way,244735827
building,way,244735829
building,way,244735834
building,way,244735836
building,way,244735839
building,way,244735843
building,way,244735846
building,way,244735848
building,way,244735850
building,way,244735852
building,way,244735854
building,way,244735857
building,way,244735859
building,way,244735863
building,way,244735865
building,way,244735868
building,way,244735870
building,way,244735872
building,way,244735875
building,way,244735880
building,way,244735883
building,way,244735885
building,way,244735887
building,way,244735890
building,way,244735892
building,way,244735894
building,way,244735897
building,way,244735899
building,way,244735901
building,way,244735904
building,way,244735906
building,way,244735908
building,way,244735910
building,way,244735911
building,way,244735912
building,way,244735914
building,way,244735916
building,way,244735921
building,way,244735924
building,way,244735930
building,way,244735932
building,way,244735935
building,way,244735937
building,way,244735941
building,way,244735943
building,way,244735949
building,way,244735951
building,way,244735953
building,way,244735956
building,way,244735958
building,way,244735960
building,way,244735962
building,way,244735967
building,way,244735969
building,way,244735973
building,way,244735975
building,way,244735978
building,way,244735980
building,way,244735983
building,way,244735986
building,way,244735988
building,way,244735990
building,way,244735992
building,way,244735995
building,way,244735997
building,way,244735999
building,way,244736001
building,way,244736004
building,way,244736006
building,way,244736008
building,way,244736011
building,way,244736013
building,way,244736015
building,way,244736018
building,way,244736020
building,way,244736022
building,way,244736024
building,way,244736029
building,way,244736034
building,way,244736036
building,way,244736038
building,way,244736043
building,way,244736045
building,way,244736047
building,way,244736049
building,way,244736054
building,way,244736056
building,way,244736058
building,way,244736060
building,way,244736062
building,way,244736065
building,way,244736069
building,way,244736071
building,way,244736072
building,way,244736073
building,way,244736076
building,way,244736079
building,way,244736082
building,way,244736084
building,way,244736086
building,way,244736089
building,way,244736091
building,way,244736093
building,way,244736096
building,way,244736098
building,way,244736101
building,way,244736103
building,way,244736105
building,way,244736108
building,way,244736110
building,way,244736112
building,way,244736115
building,way,244736117
building,way,244736119
building,way,244736122
building,way,244736124
building,way,244736128
building,way,244736130
building,way,244736132
building,way,244736134
building,way,244736137
building,way,244736139
building,way,244736141
building,way,244736144
building,way,244736146
building,way,244736149
building,way,244736151
building,way,244736153
building,way,244736156
building,way,244736158
building,way,244736161
building,way,244736163
building,way,244736165
building,way,244736168
building,way,244736170
building,way,244736174
building,way,244736176
building,way,244736179
building,way,244736183
building,way,244736185
building,way,244736186
building,way,244736187
building,way,244736189
building,way,244736190
building,way,244736191
building,way,244736192
building,way,244736194
building,way,244736196
building,way,244736199
building,way,244736206
building,way,244736208
building,way,244736211
building,way,244736213
building,way,244736216
building,way,244736219
building,way,244736226
building,way,244736227
building,way,244736232
building,way,244736236
building,way,244736242
building,way,244736246
building,way,244736251
building,way,244736265
building,way,244736270
building,way,244736276
building,way,244736281
building,way,244736286
building,way,244736292
building,way,244736296
building,way,244736300
building,way,244736304
building,way,244736309
building,way,244736317
building,way,244736321
building,way,244736330
building,way,244736335
building,way,244736338
building,way,244736341
building,way,244736343
building,way,244736345
building,way,244736348
building,way,244736350
building,way,244736353
building,way,244736355
building,way,244736358
building,way,244736360
building,way,244736362
building,way,244736365
building,way,244736367
building,way,244736369
building,way,244736372
building,way,244736374
building,way,244736377
building,way,244736379
building,way,244736384
building,way,244736386
building,way,244736396
building,way,244736399
building,way,244736401
building,way,244736403
building,way,244736406
building,way,244736408
building,way,244736412
building,way,244736414
building,way,244736416
building,way,244736417
building,way,244736418
building,way,244736421
building,way,244736423
building,way,244736426
building,way,244736428
building,way,244736431
building,way,244736433
building,way,244736435
building,way,244736440
building,way,244736443
building,way,244736445
building,way,244736448
building,way,244736453
building,way,244736455
building,way,244736458
building,way,244736461
building,way,244736463
building,way,244736466
building,way,244736468
building,way,244736471
building,way,244736476
building,way,244736479
building,way,244736486
building,way,244736491
building,way,244736498
building,way,244736502
building,way,244736506
building,way,244736511
building,way,244736516
building,way,244736519
building,way,244736521
building,way,244736524
building,way,244736529
building,way,244736533
building,way,244736535
building,way,244736538
building,way,244736540
building,way,244736543
building,way,244736545
building,way,244736548
building,way,244736551
building,way,244736553
building,way,244736555
building,way,244736558
building,way,244736560
building,way,244736562
building,way,244736564
building,way,244736568
building,way,244736571
building,way,244736573
building,way,244736576
building,way,244736578
building,way,244736582
building,way,244736584
building,way,244736586
building,way,244736588
building,way,244736591
building,way,244736593
building,way,244736596
building,way,244736598
building,way,244736603
building,way,244736605
building,way,244736608
building,way,244736610
building,way,244736612
building,way,244736615
building,way,244736617
building,way,244736622
building,way,244736625
building,way,244736627
building,way,244736630
building,way,244736632
building,way,244736636
building,way,244736639
building,way,244736641
building,way,244736643
building,way,244736646
building,way,244736648
building,way,244736651
building,way,244736657
building,way,244736661
building,way,244736665
building,way,244736670
building,way,244736674
building,way,244736687
building,way,244736692
building,way,244736698
building,way,244736702
building,way,244736712
building,way,244736722
building,way,244736725
building,way,244736731
building,way,244736740
building,way,244736741
building,way,244736742
building,way,244736743
building,way,244736744
building,way,244736745
building,way,244736747
building,way,244736748
building,way,244736749
building,way,244736750
building,way,244736751
building,way,244736752
building,way,244736755
building,way,244736757
building,way,244736761
building,way,244736763
building,way,244736766
building,way,244736770
building,way,244736772
building,way,244736774
building,way,244736780
building,way,244736785
building,way,244736788
building,way,244736790
building,way,244736792
building,way,244736794
building,way,244736797
building,way,244736798
building,way,244736800
building,way,244736802
building,way,244736804
building,way,244736807
building,way,244736809
building,way,244736812
building,way,244736814
building,way,244736816
building,way,244736819
building,way,244736821
building,way,244736824
building,way,244736827
building,way,244736831
building,way,244736836
building,way,244736839
building,way,244736841
building,way,244736843
building,way,244736846
building,way,244736848
building,way,244736850
building,way,244736853
building,way,244736854
building,way,244736857
building,way,244736859
building,way,244736862
building,way,244736865
building,way,244736867
building,way,244736869
building,way,244736872
building,way,244736874
building,way,244736878
building,way,244736881
building,way,244736883
building,way,244736885
building,way,244736887
building,way,244736890
building,way,244736892
building,way,244736894
building,way,244736897
building,way,244736900
building,way,244736902
building,way,244736905
building,way,244736907
building,way,244736908
building,way,244736911
building,way,244736913
building,way,244736915
building,way,244736918
building,way,244736920
building,way,244736923
building,way,244736925
building,way,244736928
building,way,244736930
building,way,244736932
building,way,244736934
building,way,244736936
building,way,244736938
building,way,244736941
building,way,244736943
building,way,244736946
building,way,244736948
building,way,244736950
building,way,244736953
building,way,244736955
building,way,244736957
building,way,244736961
building,way,244736963
building,way,244736965
building,way,244736968
building,way,244736970
building,way,244736974
building,way,244736976
building,way,244736978
building,way,244736981
building,way,244736983
building,way,244736986
building,way,244736988
building,way,244736989
building,way,244736992
building,way,244736994
building,way,244736997
building,way,244736999
building,way,244737001
building,way,244737004
building,way,244737006
building,way,244737010
building,way,244737012
building,way,244737015
building,way,244737017
building,way,244737020
building,way,244737022
building,way,244737024
building,way,244737030
building,way,244737032
building,way,244737034
building,way,244737036
building,way,244737038
building,way,244737040
building,way,244737042
building,way,244737045
building,way,244737047
building,way,244737050
building,way,244737052
building,way,244737055
building,way,244737057
building,way,244737060
building,way,244737062
building,way,244737064
building,way,244737067
building,way,244737070
building,way,244737071
building,way,244737072
building,way,244737076
building,way,244737078
building,way,244737083
building,way,244737086
building,way,244737089
building,way,244737094
building,way,244737098
building,way,244737104
building,way,244737110
building,way,244737115
building,way,244737118
building,way,244737124
building,way,244737129
building,way,244737134
building,way,244737141
building,way,244737145
building,way,244737148
building,way,244737153
building,way,244737154
building,way,244737156
building,way,244737159
building,way,244737161
building,way,244737164
building,way,244737170
building,way,244737172
building,way,244737175
building,way,244737178
building,way,244737180
building,way,244737183
building,way,244737185
building,way,244737188
building,way,244737190
building,way,244737193
building,way,244737195
building,way,244737197
building,way,244737201
building,way,244737203
building,way,244737204
building,way,244737208
building,way,244737211
building,way,244737218
building,way,244737221
building,way,244737224
building,way,244737226
building,way,244737227
building,way,244737228
building,way,244737230
building,way,244737232
building,way,244737233
building,way,244737236
building,way,244737238
building,way,244737240
building,way,244737242
building,way,244737243
building,way,244737246
building,way,244737248
building,way,244737251
building,way,244737253
building,way,244737256
building,way,244737259
building,way,244737262
building,way,244737265
building,way,244737267
building,way,244737270
building,way,244737272
building,way,244737275
building,way,244737277
building,way,244737282
building,way,244737284
building,way,244737289
building,way,244737293
building,way,244737295
building,way,244737299
building,way,244737302
building,way,244737304
building,way,244737307
building,way,244737309
building,way,244737312
building,way,244737314
building,way,244737317
building,way,244737319
building,way,244737323
building,way,244737325
building,way,244737328
building,way,244737330
building,way,244737332
building,way,244737334
building,way,244737337
building,way,244737339
building,way,244737341
building,way,244737343
building,way,244737345
building,way,244737350
building,way,244737352
building,way,244737354
building,way,244737357
building,way,244737359
building,way,244737361
building,way,244737364
building,way,244737366
building,way,244737367
building,way,244737369
building,way,244737372
building,way,244737374
building,way,244737376
building,way,244737379
building,way,244737381
building,way,244737383
building,way,244737387
building,way,244737391
building,way,244737393
building,way,244737396
building,way,244737399
building,way,244737405
building,way,244737408
building,way,244737410
building,way,244737413
building,way,244737414
building,way,244737415
building,way,244737416
building,way,244737417
building,way,244737418
building,way,244737419
building,way,244737421
building,way,244737422
building,way,244737423
building,way,244737424
building,way,244737425
building,way,244737426
building,way,244737427
building,way,244737428
building,way,244737430
building,way,244737431
building,way,244737432
building,way,244737433
building,way,244737434
building,way,244737435
building,way,244737436
building,way,244737437
building,way,244737438
building,way,244737440
building,way,244737441
building,way,244737442
building,way,244737443
building,way,244737444
building,way,244737445
building,way,244737446
building,way,244737447
building,way,244737448
building,way,244737449
building,way,244737450
building,way,244737451
building,way,244737452
building,way,244737453
building,way,244737454
building,way,244737455
building,way,244737456
building,way,244737458
building,way,244737459
building,way,244737460
building,way,244737461
building,way,244737462
building,way,244737463
building,way,244737464
building,way,244737466
building,way,244737467
building,way,244737468
building,way,244737469
building,way,244737470
building,way,244737471
building,way,244737472
building,way,244737473
building,way,244737474
building,way,244737475
building,way,244737476
building,way,244737477
building,way,244737479
building,way,244737480
building,way,244737481
building,way,244737482
building,way,244737483
building,way,244737484
building,way,244737485
building,way,244737486
building,way,244737487
building,way,244737488
building,way,244737489
building,way,244737490
building,way,244737491
building,way,244737492
building,way,244737493
building,way,244737494
building,way,244737495
building,way,244737496
building,way,244737497
building,way,244737500
building,way,244737501
building,way,244737503
building,way,244737504
building,way,244737506
building,way,244737507
building,way,244737508
building,way,244737509
building,way,244737510
building,way,244737511
building,way,244737512
building,way,244737513
building,way,244737514
building,way,244737515
building,way,244737516
building,way,244737517
building,way,244737518
building,way,244737519
building,way,244737520
building,way,244737521
building,way,244737522
building,way,244737523
building,way,244737524
building,way,244737525
building,way,244737526
building,way,244737527
building,way,244737528
building,way,244737529
building,way,244737536
building,way,244737537
building,way,244737538
building,way,244737539
building,way,244737544
building,way,244737545
building,way,244737546
building,way,244737547
building,way,244737548
building,way,244737553
building,way,244737556
building,way,244737561
building,way,244737570
building,way,244737574
building,way,244737577
building,way,244737581
building,way,244737584
building,way,244737589
building,way,244737593
building,way,244737597
building,way,244737601
building,way,244737605
building,way,244737608
building,way,244737611
building,way,244737622
building,way,244737653
building,way,244737654
building,way,244737655
building,way,244737656
building,way,244737657
building,way,244737658
building,way,244737659
building,way,244737660
building,way,244737661
building,way,244737662
building,way,244737663
building,way,244737664
building,way,244737665
building,way,244737666
building,way,244737667
building,way,244737668
building,way,244737669
building,way,244737670
building,way,244737671
building,way,244737672
building,way,244737673
building,way,244737674
building,way,244737675
building,way,244737676
building,way,244737677
building,way,244737678
building,way,244737679
building,way,244737680
building,way,244737681
building,way,244737682
building,way,244737683
building,way,244737684
building,way,244737685
building,way,244737686
building,way,244737687
building,way,244737688
building,way,244737689
building,way,244737692
building,way,244737693
building,way,244737695
building,way,244737696
building,way,244737698
building,way,244737699
building,way,244737700
building,way,244737701
building,way,244737703
building,way,244737704
building,way,244737705
building,way,244737706
building,way,244737707
building,way,244737708
building,way,244737709
building,way,244737710
building,way,244737711
building,way,244737712
building,way,244737713
building,way,244737714
building,way,244737715
building,way,244737717
building,way,244737718
building,way,244737719
building,way,244737720
building,way,244737724
building,way,244737726
building,way,244737727
building,way,244737731
building,way,244737732
building,way,244737733
building,way,244737734
building,way,244737735
building,way,244737736
building,way,244737737
building,way,244737738
building,way,244737739
building,way,244737740
building,way,244737741
building,way,244737742
building,way,244737743
building,way,244737744
building,way,244737745
building,way,244737746
building,way,244737747
building,way,244737748
building,way,244737749
building,way,244737750
building,way,244737751
building,way,244737752
building,way,244737753
building,way,244737755
building,way,244737757
building,way,244737759
building,way,244737762
building,way,244737764
building,way,244737768
building,way,244737771
building,way,244737773
building,way,244737776
building,way,244737778
building,way,244737779
building,way,244737780
building,way,244737781
building,way,244737784
building,way,244737785
building,way,244737788
building,way,244737789
building,way,244737790
building,way,244737791
building,way,244737792
building,way,244737793
building,way,244737794
building,way,244737795
building,way,244737796
building,way,244737798
building,way,244737800
building,way,244737802
building,way,244737803
building,way,244737804
building,way,244737805
building,way,244737806
building,way,244737808
building,way,244737810
building,way,244737812
building,way,244737813
building,way,244737814
building,way,244737815
building,way,244737816
building,way,244737817
building,way,244737818
building,way,244737819
building,way,244737820
building,way,244737821
building,way,244737822
building,way,244737823
building,way,244737825
building,way,244737826
building,way,244737828
building,way,244737829
building,way,244737830
building,way,244737831
building,way,244737832
building,way,244737833
building,way,244737834
building,way,244737835
building,way,244737837
building,way,244737839
building,way,244737840
building,way,244737841
building,way,244737842
building,way,244737847
building,way,244737851
building,way,244737854
building,way,244737858
building,way,244737861
building,way,244737864
building,way,244737869
building,way,244737872
building,way,244737877
building,way,244737878
building,way,244737879
building,way,244737880
building,way,244737882
building,way,244737884
building,way,244737885
building,way,244737886
building,way,244737887
building,way,244737888
building,way,244737890
building,way,244737891
building,way,244737892
building,way,244737893
building,way,244737894
building,way,244737895
building,way,244737896
building,way,244737898
building,way,244737899
building,way,244737900
building,way,244737902
building,way,244737903
building,way,244737905
building,way,244737906
building,way,244737907
building,way,244737908
building,way,244737909
building,way,244737911
building,way,244737913
building,way,244737914
building,way,244737916
building,way,244737918
building,way,244737919
building,way,244737921
building,way,244737925
building,way,244737926
building,way,244737930
building,way,244737931
building,way,244737932
building,way,244737933
building,way,244737934
building,way,244737935
building,way,244737936
building,way,244737937
building,way,244737938
building,way,244737940
building,way,244737941
building,way,244737942
building,way,244737943
building,way,244737947
building,way,244737949
building,way,244737951
building,way,244737952
building,way,244737953
building,way,244737955
building,way,244737956
building,way,244737957
building,way,244737958
building,way,244737959
building,way,244737963
building,way,244737964
building,way,244737966
building,way,244737968
building,way,244737969
building,way,244737971
building,way,244737972
building,way,244737973
building,way,244737974
building,way,244737975
building,way,244737976
building,way,244737977
building,way,244737978
building,way,244737980
building,way,244737982
building,way,244737983
building,way,244737984
building,way,244737985
building,way,244737986
building,way,244737987
building,way,244737988
building,way,244737989
building,way,244737991
building,way,244737993
building,way,244737995
building,way,244737996
building,way,244737997
building,way,244737998
building,way,244737999
building,way,244738000
building,way,244738002
building,way,244738003
building,way,244738005
building,way,244738006
building,way,244738008
building,way,244738009
building,way,244738011
building,way,244738012
building,way,244738013
building,way,244738015
building,way,244738018
building,way,244738019
building,way,244738020
building,way,244738021
building,way,244738024
building,way,244738025
building,way,244738026
building,way,244738027
building,way,244738029
building,way,244738033
building,way,244738035
building,way,244738038
building,way,244738040
building,way,244738045
building,way,244738046
building,way,244738047
building,way,244738049
building,way,244738051
building,way,244738052
building,way,244738053
building,way,244738055
building,way,244738056
building,way,244738057
building,way,244738058
building,way,244738059
building,way,244738061
building,way,244738062
building,way,244738063
building,way,244738064
building,way,244738065
building,way,244738066
building,way,244738068
building,way,244738069
building,way,244738070
building,way,244738071
building,way,244738072
building,way,244738074
building,way,244738075
building,way,244738076
building,way,244738077
building,way,244738078
building,way,244738080
building,way,244738081
building,way,244738082
building,way,244738084
building,way,244738085
building,way,244738087
building,way,244738089
building,way,244738090
building,way,244738091
building,way,244738092
building,way,244738094
building,way,244738095
building,way,244738096
building,way,244738099
building,way,244738100
building,way,244738102
building,way,244738103
building,way,244738105
building,way,244738108
building,way,244738112
building,way,244738115
building,way,244738118
building,way,244738120
building,way,244738123
building,way,244738124
building,way,244738125
building,way,244738128
building,way,244738129
building,way,244738130
building,way,244738131
building,way,244738132
building,way,244738133
building,way,244738134
building,way,244738136
building,way,244738139
building,way,244738140
building,way,244738142
building,way,244738143
building,way,244738144
building,way,244738145
building,way,244738146
building,way,244738147
building,way,244738150
building,way,244738151
building,way,244738152
building,way,244738156
building,way,244738160
building,way,244738162
building,way,244738163
building,way,244738164
building,way,244738165
building,way,244738166
building,way,244738168
building,way,244738169
building,way,244738170
building,way,244738172
building,way,244738173
building,way,244738174
building,way,244738176
building,way,244738178
building,way,244738180
building,way,244738181
building,way,244738182
building,way,244738184
building,way,244738185
building,way,244738186
building,way,244738187
building,way,244738188
building,way,244738189
building,way,244738190
building,way,244738191
building,way,244738193
building,way,244738195
building,way,244738198
building,way,244738201
building,way,244738202
building,way,244738204
building,way,244738205
building,way,244738207
building,way,244738209
building,way,244738210
building,way,244738211
building,way,244738212
building,way,244738213
building,way,244738214
building,way,244738216
building,way,244738218
building,way,244738220
building,way,244738221
building,way,244738222
building,way,244738223
building,way,244738225
building,way,244738226
building,way,244738227
building,way,244738230
building,way,244738232
building,way,244738236
building,way,244738239
building,way,244738241
building,way,244738242
building,way,244738243
building,way,244738244
building,way,244738245
building,way,244738246
building,way,244738247
building,way,244738248
building,way,244738250
building,way,244738251
building,way,244738254
building,way,244738255
building,way,244738256
building,way,244738257
building,way,244738258
building,way,244738260
building,way,244738262
building,way,244738263
building,way,244738266
building,way,244738267
building,way,244738268
building,way,244738269
building,way,244738270
building,way,244738271
building,way,244738272
building,way,244738273
building,way,244738274
building,way,244738276
building,way,244738277
building,way,244738281
building,way,244738282
building,way,244738283
building,way,244738284
building,way,244738287
building,way,244738289
building,way,244738291
building,way,244738293
building,way,244738294
building,way,244738295
building,way,244738296
building,way,244738299
building,way,244738301
building,way,244738303
building,way,244738308
building,way,244738310
building,way,244738311
building,way,244738312
building,way,244738313
building,way,244738314
building,way,244738315
building,way,244738317
building,way,244738318
building,way,244738319
building,way,244738320
building,way,244738322
building,way,244738325
building,way,244738326
building,way,244738327
building,way,244738328
building,way,244738329
building,way,244738330
building,way,244738332
building,way,244738335
building,way,244738336
building,way,244738337
building,way,244738340
building,way,244738341
building,way,244738344
building,way,244738346
building,way,244738348
building,way,244738350
building,way,244738354
building,way,244738358
building,way,244738360
building,way,244738362
building,way,244738363
building,way,244738364
building,way,244738365
building,way,244738366
building,way,244738370
building,way,244738371
building,way,244738372
building,way,244738373
building,way,244738374
building,way,244738375
building,way,244738376
building,way,244738377
building,way,244738378
building,way,244738381
building,way,244738382
building,way,244738383
building,way,244738384
building,way,244738385
building,way,244738386
building,way,244738390
building,way,244738393
building,way,244738394
building,way,244738395
building,way,244738396
building,way,244738398
building,way,244738399
building,way,244738400
building,way,244738401
building,way,244738402
building,way,244738403
building,way,244738405
building,way,244738409
building,way,244738410
building,way,244738412
building,way,244738413
building,way,244738414
building,way,244738416
building,way,244738420
building,way,244738421
building,way,244738423
building,way,244738425
building,way,244738426
building,way,244738427
building,way,244738428
building,way,244738429
building,way,244738431
building,way,244738432
building,way,244738433
building,way,244738436
building,way,244738438
building,way,244738439
building,way,244738440
building,way,244738441
building,way,244738442
building,way,244738443
building,way,244738445
building,way,244738447
building,way,244738448
building,way,244738452
building,way,244738453
building,way,244738454
building,way,244738455
building,way,244738458
building,way,244738459
building,way,244738460
building,way,244738461
building,way,244738462
building,way,244738463
building,way,244738464
building,way,244738466
building,way,244738467
building,way,244738468
building,way,244738469
building,way,244738471
building,way,244738472
building,way,244738475
building,way,244738476
building,way,244738477
building,way,244738478
building,way,244738479
building,way,244738480
building,way,244738482
building,way,244738487
building,way,244738488
building,way,244738489
building,way,244738490
building,way,244738491
building,way,244738492
building,way,244738493
building,way,244738497
building,way,244738498
building,way,244738499
building,way,244738500
building,way,244738502
building,way,244738503
building,way,244738504
building,way,244738505
building,way,244738506
building,way,244738507
building,way,244738508
building,way,244738509
building,way,244738510
building,way,244738511
building,way,244738512
building,way,244738513
building,way,244738515
building,way,244738516
building,way,244738517
building,way,244738518
building,way,244738519
building,way,244738520
building,way,244738521
building,way,244738523
building,way,244738524
building,way,244738525
building,way,244738527
building,way,244738528
building,way,244738529
building,way,244738530
building,way,244738531
building,way,244738535
building,way,244738537
building,way,244738542
building,way,244738543
building,way,244738544
building,way,244738545
building,way,244738549
building,way,244738550
building,way,244738551
building,way,244738552
building,way,244738555
building,way,244738556
building,way,244738558
building,way,244738560
building,way,244738561
building,way,244738564
building,way,244738565
building,way,244738566
building,way,244738567
building,way,244738568
building,way,244738569
building,way,244738570
building,way,244738572
building,way,244738575
building,way,244738577
building,way,244738578
building,way,244738579
building,way,244738581
building,way,244738582
building,way,244738583
building,way,244738584
building,way,244738585
building,way,244738586
building,way,244738587
building,way,244738589
building,way,244738591
building,way,244738592
building,way,244738594
building,way,244738606
building,way,244738609
building,way,244738612
building,way,244738615
building,way,244738621
building,way,244738624
building,way,244738626
building,way,244738627
building,way,244738628
building,way,244738630
building,way,244738633
building,way,244738635
building,way,244738636
building,way,244738637
building,way,244738638
building,way,244738639
building,way,244738641
building,way,244738642
building,way,244738643
building,way,244738644
building,way,244738646
building,way,244738647
building,way,244738649
building,way,244738650
building,way,244738651
building,way,244738653
building,way,244738656
building,way,244738658
building,way,244738659
building,way,244738660
building,way,244738661
building,way,244738662
building,way,244738663
building,way,244738664
building,way,244738667
building,way,244738668
building,way,244738669
building,way,244738672
building,way,244738673
building,way,244738674
building,way,244738675
building,way,244738676
building,way,244738677
building,way,244738678
building,way,244738679
building,way,244738681
building,way,244738682
building,way,244738684
building,way,244738686
building,way,244738688
building,way,244738691
building,way,244738692
building,way,244738693
building,way,244738694
building,way,244738695
building,way,244738696
building,way,244738697
building,way,244738698
building,way,244738699
building,way,244738701
building,way,244738703
building,way,244738704
building,way,244738705
building,way,244738706
building,way,244738708
building,way,244738710
building,way,244738711
building,way,244738712
building,way,244738713
building,way,244738714
building,way,244738715
building,way,244738717
building,way,244738719
building,way,244738720
building,way,244738722
building,way,244738725
building,way,244738727
building,way,244738730
building,way,244738731
building,way,244738733
building,way,244738734
building,way,244738736
building,way,244738737
building,way,244738738
building,way,244738739
building,way,244738740
building,way,244738743
building,way,244738744
building,way,244738746
building,way,244738747
building,way,244738748
building,way,244738749
building,way,244738750
building,way,244738751
building,way,244738752
building,way,244738753
building,way,244738754
building,way,244738755
building,way,244738756
building,way,244738757
building,way,244738758
building,way,244738759
building,way,244738760
building,way,244738761
building,way,244738763
building,way,244738765
building,way,244738766
building,way,244738769
building,way,244738770
building,way,244738771
building,way,244738772
building,way,244738773
building,way,244738774
building,way,244738776
building,way,244738777
building,way,244738779
building,way,244738780
building,way,244738782
building,way,244738785
building,way,244738787
building,way,244738788
building,way,244738789
building,way,244738790
building,way,244738791
building,way,244738794
building,way,244738795
building,way,244738796
building,way,244738798
building,way,244738805
building,way,244738807
building,way,244738808
building,way,244738809
building,way,244738810
building,way,244738811
building,way,244738812
building,way,244738814
building,way,244738815
building,way,244738816
building,way,244738817
building,way,244738819
building,way,244738820
building,way,244738821
building,way,244738822
building,way,244738824
building,way,244738825
building,way,244738827
building,way,244738828
building,way,244738831
building,way,244738837
building,way,244738839
building,way,244738842
building,way,244738846
building,way,244738847
building,way,244738848
building,way,244738849
building,way,244738850
building,way,244738851
building,way,244738854
building,way,244738855
building,way,244738856
building,way,244738859
building,way,244738861
building,way,244738863
building,way,244738867
building,way,244738868
building,way,244738870
building,way,244738871
building,way,244738872
building,way,244738873
building,way,244738874
building,way,244738875
building,way,244738876
building,way,244738877
building,way,244738879
building,way,244738880
building,way,244738883
building,way,244738884
building,way,244738885
building,way,244738886
building,way,244738887
building,way,244738888
building,way,244738889
building,way,244738892
building,way,244738893
building,way,244738894
building,way,244738895
building,way,244738899
building,way,244738900
building,way,244738901
building,way,244738903
building,way,244738904
building,way,244738905
building,way,244738906
building,way,244738907
building,way,244738908
building,way,244738909
building,way,244738912
building,way,244738914
building,way,244738915
building,way,244738916
building,way,244738917
building,way,244738919
building,way,244738922
building,way,244738923
building,way,244738924
building,way,244738925
building,way,244738926
building,way,244738928
building,way,244738929
building,way,244738930
building,way,244738933
building,way,244738934
building,way,244738935
building,way,244738936
building,way,244738938
building,way,244738939
building,way,244738940
building,way,244738941
building,way,244738942
building,way,244738944
building,way,244738946
building,way,244738947
building,way,244738950
building,way,244738951
building,way,244738952
building,way,244738953
building,way,244738955
building,way,244738957
building,way,244738958
building,way,244738959
building,way,244738960
building,way,244738961
building,way,244738965
building,way,244738967
building,way,244738969
building,way,244738970
building,way,244738971
building,way,244738972
building,way,244738973
building,way,244738976
building,way,244738977
building,way,244738979
building,way,244738980
building,way,244738982
building,way,244738984
building,way,244738985
building,way,244738986
building,way,244738987
building,way,244738989
building,way,244738990
building,way,244738992
building,way,244738993
building,way,244738994
building,way,244738995
building,way,244738996
building,way,244738999
building,way,244739001
building,way,244739003
building,way,244739004
building,way,244739006
building,way,244739008
building,way,244739010
building,way,244739011
building,way,244739012
building,way,244739013
building,way,244739014
building,way,244739015
building,way,244739016
building,way,244739017
building,way,244739018
building,way,244739019
building,way,244739021
building,way,244739022
building,way,244739023
building,way,244739024
building,way,244739025
building,way,244739026
building,way,244739028
building,way,244739029
building,way,244739030
building,way,244739031
building,way,244739032
building,way,244739034
building,way,244739035
building,way,244739038
building,way,244739044
building,way,244739045
building,way,244739046
building,way,244739047
building,way,244739048
building,way,244739051
building,way,244739052
building,way,244739054
building,way,244739055
building,way,244739059
building,way,244739060
building,way,244739064
building,way,244739065
building,way,244739066
building,way,244739067
building,way,244739068
building,way,244739069
building,way,244739070
building,way,244739071
building,way,244739072
building,way,244739073
building,way,244739075
building,way,244739076
building,way,244739077
building,way,244739079
building,way,244739081
building,way,244739083
building,way,244739084
building,way,244739087
building,way,244739088
building,way,244739091
building,way,244739094
building,way,244739095
building,way,244739096
building,way,244739098
building,way,244739099
building,way,244739100
building,way,244739101
building,way,244739102
building,way,244739103
building,way,244739104
building,way,244739105
building,way,244739106
building,way,244739107
building,way,244739109
building,way,244739110
building,way,244739111
building,way,244739112
building,way,244739113
building,way,244739114
building,way,244739115
building,way,244739117
building,way,244739120
building,way,244739122
building,way,244739125
building,way,244739126
building,way,244739128
building,way,244739129
building,way,244739130
building,way,244739132
building,way,244739135
building,way,244739136
building,way,244739137
building,way,244739138
building,way,244739139
building,way,244739140
building,way,244739141
building,way,244739146
building,way,244739147
building,way,244739148
building,way,244739150
building,way,244739152
building,way,244739153
building,way,244739154
building,way,244739157
building,way,244739162
building,way,244739166
building,way,244739169
building,way,244739172
building,way,244739173
building,way,244739175
building,way,244739177
building,way,244739179
building,way,244739180
building,way,244739182
building,way,244739191
building,way,244739198
building,way,244739203
building,way,244739208
building,way,244739211
building,way,244739213
building,way,244739216
building,way,244739221
building,way,244739223
building,way,244739225
building,way,244739227
building,way,244739228
building,way,244739230
building,way,244739231
building,way,244739233
building,way,244739237
building,way,244739239
building,way,244739241
building,way,244739242
building,way,244739245
building,way,244739247
building,way,244739249
building,way,244739254
building,way,244739256
building,way,244739259
building,way,244739262
building,way,244739265
building,way,244739266
building,way,244739268
building,way,244739269
building,way,244739271
building,way,244739272
building,way,244739273
building,way,244739274
building,way,244739275
building,way,244739276
building,way,244739278
building,way,244739279
building,way,244739283
building,way,244739284
building,way,244739286
building,way,244739287
building,way,244739288
building,way,244739289
building,way,244739290
building,way,244739293
building,way,244739294
building,way,244739295
building,way,244739297
building,way,244739303
building,way,244739304
building,way,244739306
building,way,244739307
building,way,244739308
building,way,244739309
building,way,244739310
building,way,244739311
building,way,244739312
building,way,244739314
building,way,244739315
building,way,244739316
building,way,244739317
building,way,244739318
building,way,244739319
building,way,244739320
building,way,244739321
building,way,244739322
building,way,244739323
building,way,244739324
building,way,244739325
building,way,244739326
building,way,244739327
building,way,244739328
building,way,244739329
building,way,244739331
building,way,244739333
building,way,244739334
building,way,244739335
building,way,244739337
building,way,244739338
building,way,244739339
building,way,244739341
building,way,244739342
building,way,244739343
building,way,244739344
building,way,244739347
building,way,244739348
building,way,244739349
building,way,244739350
building,way,244739353
building,way,244739354
building,way,244739355
building,way,244739357
building,way,244739358
building,way,244739360
building,way,244739361
building,way,244739362
building,way,244739363
building,way,244739364
building,way,244739365
building,way,244739366
building,way,244739368
building,way,244739369
building,way,244739370
building,way,244739371
building,way,244739373
building,way,244739374
building,way,244739378
building,way,244739379
building,way,244739380
building,way,244739384
building,way,244739386
building,way,244739387
building,way,244739388
building,way,244739389
building,way,244739390
building,way,244739391
building,way,244739392
building,way,244739395
building,way,244739397
building,way,244739398
building,way,244739399
building,way,244739400
building,way,244739401
building,way,244739404
building,way,244739405
building,way,244739406
building,way,244739407
building,way,244739408
building,way,244739409
building,way,244739410
building,way,244739411
building,way,244739412
building,way,244739413
building,way,244739416
building,way,244739417
building,way,244739418
building,way,244739420
building,way,244739421
building,way,244739422
building,way,244739423
building,way,244739425
building,way,244739426
building,way,244739428
building,way,244739429
building,way,244739430
building,way,244739432
building,way,244739433
building,way,244739434
building,way,244739435
building,way,244739436
building,way,244739437
building,way,244739438
building,way,244739439
building,way,244739440
building,way,244739441
building,way,244739442
building,way,244739443
building,way,244739444
building,way,244739445
building,way,244739446
building,way,244739447
building,way,244739448
building,way,244739450
building,way,244739451
building,way,244739453
building,way,244739455
building,way,244739457
building,way,244739458
building,way,244739459
building,way,244739460
building,way,244739461
building,way,244739462
building,way,244739463
building,way,244739465
building,way,244739466
building,way,244739467
building,way,244739468
building,way,244739469
building,way,244739470
building,way,244739472
building,way,244739473
building,way,244739474
building,way,244739475
building,way,244739477
building,way,244739478
building,way,244739481
building,way,244739482
building,way,244739484
building,way,244739486
building,way,244739487
building,way,244739488
building,way,244739489
building,way,244739490
building,way,244739491
building,way,244739493
building,way,244739494
building,way,244739495
building,way,244739496
building,way,244739497
building,way,244739498
building,way,244739499
building,way,244739501
building,way,244739502
building,way,244739503
building,way,244739505
building,way,244739506
building,way,244739507
building,way,244739508
building,way,244739510
building,way,244739511
building,way,244739512
building,way,244739513
building,way,244739514
building,way,244739518
building,way,244739522
building,way,244739528
building,way,244739536
building,way,244739539
building,way,244739543
building,way,244739546
building,way,244739550
building,way,244739551
building,way,244739554
building,way,244739562
building,way,244739565
building,way,244739572
building,way,244739579
building,way,244739581
building,way,244739583
building,way,244739587
building,way,244739590
building,way,244739593
building,way,244739597
building,way,244739600
building,way,244739604
building,way,244739607
building,way,244739610
building,way,244739613
building,way,244739615
building,way,244739618
building,way,244739622
building,way,244739626
building,way,244739629
building,way,244739632
building,way,244739635
building,way,244739638
building,way,244739645
building,way,244739648
building,way,244739655
building,way,244739658
building,way,244739661
building,way,244739665
building,way,244739669
building,way,244739674
building,way,244739680
building,way,244739684
building,way,244739688
building,way,244739694
building,way,244739697
building,way,244739703
building,way,244739705
building,way,244739708
building,way,244739712
building,way,244739715
building,way,244739718
building,way,244739721
building,way,244739724
building,way,244739727
building,way,244739730
building,way,244739733
building,way,244739740
building,way,244739743
building,way,244739746
building,way,244739749
building,way,244739756
building,way,244739758
building,way,244739760
building,way,244739763
building,way,244739766
building,way,244739770
building,way,244739773
building,way,244739776
building,way,244739780
building,way,244739786
building,way,244739790
building,way,244739794
building,way,244739801
building,way,244739806
building,way,244739810
building,way,244739815
building,way,244739820
building,way,244739825
building,way,244739830
building,way,244739834
building,way,244739838
building,way,244739842
building,way,244739847
building,way,244739858
building,way,244739863
building,way,244739868
building,way,244739873
building,way,244739876
building,way,244739885
building,way,244739888
building,way,244739891
building,way,244739893
building,way,244739896
building,way,244739902
building,way,244739908
building,way,244739911
building,way,244739914
building,way,244739917
building,way,244739920
building,way,244739926
building,way,244739927
building,way,244739933
building,way,244739937
building,way,244739942
building,way,244739945
building,way,244739948
building,way,244739951
building,way,244739956
building,way,244739961
building,way,244739964
building,way,244739965
building,way,244739967
building,way,244739968
building,way,244739969
building,way,244739970
building,way,244739971
building,way,244739973
building,way,244739974
building,way,244739975
building,way,244739976
building,way,244739977
building,way,244739978
building,way,244739982
building,way,244739983
building,way,244739986
building,way,244739987
building,way,244739988
building,way,244739989
building,way,244739990
building,way,244739991
building,way,244739993
building,way,244739994
building,way,244739996
building,way,244739997
building,way,244739998
building,way,244740000
building,way,244740001
building,way,244740002
building,way,244740003
building,way,244740007
building,way,244740008
building,way,244740009
building,way,244740011
building,way,244740012
building,way,244740013
building,way,244740015
building,way,244740016
building,way,244740017
building,way,244740024
building,way,244740029
building,way,244740030
building,way,244740031
building,way,244740032
building,way,244740034
building,way,244740035
building,way,244740036
building,way,244740038
building,way,244740039
building,way,244740040
building,way,244740041
building,way,244740042
building,way,244740043
building,way,244740044
building,way,244740048
building,way,244740049
building,way,244740050
building,way,244740051
building,way,244740052
building,way,244740053
building,way,244740054
building,way,244740055
building,way,244740061
building,way,244740062
building,way,244740063
building,way,244740064
building,way,244740066
building,way,244740067
building,way,244740068
building,way,244740069
building,way,244740070
building,way,244740072
building,way,244740073
building,way,244740074
building,way,244740075
building,way,244740076
building,way,244740077
building,way,244740078
building,way,244740079
building,way,244740080
building,way,244740083
building,way,244740084
building,way,244740086
building,way,244740087
building,way,244740088
building,way,244740089
building,way,244740090
building,way,244740091
building,way,244740092
building,way,244740093
building,way,244740094
building,way,244740095
building,way,244740099
building,way,244740100
building,way,244740101
building,way,244740102
building,way,244740103
building,way,244740105
building,way,244740108
building,way,244740109
building,way,244740110
building,way,244740112
building,way,244740113
building,way,244740114
building,way,244740115
building,way,244740116
building,way,244740117
building,way,244740118
building,way,244740119
building,way,244740120
building,way,244740121
building,way,244740124
building,way,244740125
building,way,244740126
building,way,244740127
building,way,244740128
building,way,244740130
building,way,244740131
building,way,244740132
building,way,244740134
building,way,244740135
building,way,244740136
building,way,244740137
building,way,244740141
building,way,244740143
building,way,244740144
building,way,244740145
building,way,244740146
building,way,244740147
building,way,244740148
building,way,244740150
building,way,244740151
building,way,244740152
building,way,244740153
building,way,244740154
building,way,244740156
building,way,244740157
building,way,244740158
building,way,244740159
building,way,244740160
building,way,244740161
building,way,244740162
building,way,244740165
building,way,244740167
building,way,244740168
building,way,244740169
building,way,244740170
building,way,244740171
building,way,244740172
building,way,244740173
building,way,244740174
building,way,244740175
building,way,244740176
building,way,244740178
building,way,244740179
building,way,244740180
building,way,244740182
building,way,244740183
building,way,244740184
building,way,244740185
building,way,244740186
building,way,244740188
building,way,244740189
building,way,244740190
building,way,244740191
building,way,244740192
building,way,244740193
building,way,244740194
building,way,244740195
building,way,244740196
building,way,244740197
building,way,244740198
building,way,244740200
building,way,244740201
building,way,244740202
building,way,244740203
building,way,244740204
building,way,244740205
building,way,244740206
building,way,244740208
building,way,244740211
building,way,244740217
building,way,244740221
building,way,244740223
building,way,244740227
building,way,244740230
building,way,244740233
building,way,244740234
building,way,244740237
building,way,244740238
building,way,244740239
building,way,244740240
building,way,244740241
building,way,244740242
building,way,244740243
building,way,244740245
building,way,244740246
building,way,244740247
building,way,244740248
building,way,244740249
building,way,244740250
building,way,244740251
building,way,244740252
building,way,244740253
building,way,244740254
building,way,244740255
building,way,244740256
building,way,244740257
building,way,244740258
building,way,244740259
building,way,244740260
building,way,244740261
building,way,244740262
building,way,244740263
building,way,244740264
building,way,244740265
building,way,244740266
building,way,244740267
building,way,244740268
building,way,244740269
building,way,244740270
building,way,244740271
building,way,244740272
building,way,244740273
building,way,244740274
building,way,244740275
building,way,244740276
building,way,244740277
building,way,244740278
building,way,244740279
building,way,244740280
building,way,244740281
building,way,244740282
building,way,244740283
building,way,244740284
building,way,244740285
building,way,244740286
building,way,244740287
building,way,244740288
building,way,244740290
building,way,244740291
building,way,244740292
building,way,244740293
building,way,244740294
building,way,244740295
building,way,244740296
building,way,244740297
building,way,244740298
building,way,244740299
building,way,244740300
building,way,244740301
building,way,244740302
building,way,244740303
building,way,244740304
building,way,244740306
building,way,244740307
building,way,244740308
building,way,244740311
building,way,244740312
building,way,244740313
building,way,244740314
building,way,244740315
building,way,244740316
building,way,244740317
building,way,244740318
building,way,244740319
building,way,244740320
building,way,244740322
building,way,244740323
building,way,244740325
building,way,244740326
building,way,244740327
building,way,244740328
building,way,244740329
building,way,244740330
building,way,244740331
building,way,244740334
building,way,244740337
building,way,244740338
building,way,244740339
building,way,244740340
building,way,244740341
building,way,244740343
building,way,244740346
building,way,244740347
building,way,244740348
building,way,244740349
building,way,244740350
building,way,244740352
building,way,244740353
building,way,244740354
building,way,244740355
building,way,244740356
building,way,244740357
building,way,244740358
building,way,244740359
building,way,244740360
building,way,244740361
building,way,244740362
building,way,244740363
building,way,244740364
building,way,244740366
building,way,244740367
building,way,244740368
building,way,244740369
building,way,244740370
building,way,244740371
building,way,244740372
building,way,244740373
building,way,244740374
building,way,244740375
building,way,244740376
building,way,244740377
building,way,244740378
building,way,244740380
building,way,244740382
building,way,244740385
building,way,244740388
building,way,244740391
building,way,244740393
building,way,244740394
building,way,244740397
building,way,244740399
building,way,244740400
building,way,244740401
building,way,244740402
building,way,244740403
building,way,244740404
building,way,244740405
building,way,244740407
building,way,244740408
building,way,244740409
building,way,244740411
building,way,244740412
building,way,244740413
building,way,244740414
building,way,244740415
building,way,244740416
building,way,244740417
building,way,244740419
building,way,244740420
building,way,244740421
building,way,244740422
building,way,244740423
building,way,244740424
building,way,244740425
building,way,244740426
building,way,244740427
building,way,244740430
building,way,244740432
building,way,244740433
building,way,244740434
building,way,244740435
building,way,244740437
building,way,244740439
building,way,244740440
building,way,244740441
building,way,244740442
building,way,244740443
building,way,244740444
building,way,244740445
building,way,244740446
building,way,244740447
building,way,244740448
building,way,244740449
building,way,244740451
building,way,244740452
building,way,244740454
building,way,244740456
building,way,244740459
building,way,244740461
building,way,244740462
building,way,244740464
building,way,244740467
building,way,244740470
building,way,244740471
building,way,244740472
building,way,244740473
building,way,244740474
building,way,244740475
building,way,244740476
building,way,244740477
building,way,244740478
building,way,244740479
building,way,244740480
building,way,244740481
building,way,244740482
building,way,244740484
building,way,244740486
building,way,244740487
building,way,244740488
building,way,244740489
building,way,244740491
building,way,244740492
building,way,244740493
building,way,244740494
building,way,244740495
building,way,244740496
building,way,244740497
building,way,244740498
building,way,244740499
building,way,244740500
building,way,244740501
building,way,244740503
building,way,244740504
building,way,244740505
building,way,244740507
building,way,244740510
building,way,244740513
building,way,244740518
building,way,244740520
building,way,244740522
building,way,244740523
building,way,244740524
building,way,244740525
building,way,244740526
building,way,244740527
building,way,244740528
building,way,244740529
building,way,244740530
building,way,244740531
building,way,244740532
building,way,244740534
building,way,244740535
building,way,244740536
building,way,244740537
building,way,244740538
building,way,244740539
building,way,244740540
building,way,244740541
building,way,244740542
building,way,244740543
building,way,244740544
building,way,244740545
building,way,244740546
building,way,244740547
building,way,244740548
building,way,244740550
building,way,244740551
building,way,244740552
building,way,244740553
building,way,244740554
building,way,244740555
building,way,244740556
building,way,244740557
building,way,244740558
building,way,244740559
building,way,244740560
building,way,244740561
building,way,244740562
building,way,244740563
building,way,244740564
building,way,244740565
building,way,244740566
building,way,244740567
building,way,244740568
building,way,244740570
building,way,244740572
building,way,244740574
building,way,244740576
building,way,244740577
building,way,244740578
building,way,244740580
building,way,244740581
building,way,244740582
building,way,244740583
building,way,244740585
building,way,244740586
building,way,244740588
building,way,244740589
building,way,244740590
building,way,244740591
building,way,244740592
building,way,244740594
building,way,244740596
building,way,244740598
building,way,244740599
building,way,244740600
building,way,244740601
building,way,244740602
building,way,244740603
building,way,244740604
building,way,244740605
building,way,244740606
building,way,244740607
building,way,244740608
building,way,244740609
building,way,244740610
building,way,244740611
building,way,244740612
building,way,244740613
building,way,244740614
building,way,244740615
building,way,244740616
building,way,244740617
building,way,244740618
building,way,244740619
building,way,244740620
building,way,244740622
building,way,244740623
building,way,244740626
building,way,244740627
building,way,244740628
building,way,244740629
building,way,244740630
building,way,244740631
building,way,244740632
building,way,244740634
building,way,244740635
building,way,244740636
building,way,244740638
building,way,244740639
building,way,244740640
building,way,244740641
building,way,244740642
building,way,244740643
building,way,244740644
building,way,244740645
building,way,244740647
building,way,244740648
building,way,244740649
building,way,244740650
building,way,244740651
building,way,244740654
building,way,244740655
building,way,244740656
building,way,244740659
building,way,244740660
building,way,244740662
building,way,244740664
building,way,244740665
building,way,244740666
building,way,244740667
building,way,244740668
building,way,244740669
building,way,244740670
building,way,244740671
building,way,244740673
building,way,244740674
building,way,244740675
building,way,244740676
building,way,244740677
building,way,244740678
building,way,244740679
building,way,244740681
building,way,244740682
building,way,244740684
building,way,244740685
building,way,244740686
building,way,244740688
building,way,244740691
building,way,244740692
building,way,244740694
building,way,244740695
building,way,244740696
building,way,244740697
building,way,244740699
building,way,244740701
building,way,244740703
building,way,244740704
building,way,244740705
building,way,244740706
building,way,244740707
building,way,244740708
building,way,244740709
building,way,244740710
building,way,244740711
building,way,244740712
building,way,244740713
building,way,244740714
building,way,244740715
building,way,244740716
building,way,244740718
building,way,244740719
building,way,244740720
building,way,244740722
building,way,244740723
building,way,244740725
building,way,244740726
building,way,244740730
building,way,244740731
building,way,244740732
building,way,244740733
building,way,244740734
building,way,244740735
building,way,244740736
building,way,244740739
building,way,244740740
building,way,244740741
building,way,244740742
building,way,244740744
building,way,244740745
building,way,244740747
building,way,244740748
building,way,244740749
building,way,244740750
building,way,244740753
building,way,244740754
building,way,244740756
building,way,244740757
building,way,244740758
building,way,244740759
building,way,244740760
building,way,244740761
building,way,244740763
building,way,244740764
building,way,244740765
building,way,244740766
building,way,244740767
building,way,244740768
building,way,244740769
building,way,244740770
building,way,244740771
building,way,244740772
building,way,244740773
building,way,244740774
building,way,244740775
building,way,244740776
building,way,244740777
building,way,244740778
building,way,244740779
building,way,244740780
building,way,244740782
building,way,244740784
building,way,244740785
building,way,244740786
building,way,244740787
building,way,244740788
building,way,244740789
building,way,244740790
building,way,244740791
building,way,244740792
building,way,244740796
building,way,244740797
building,way,244740798
building,way,244740800
building,way,244740801
building,way,244740802
building,way,244740803
building,way,244740804
building,way,244740805
building,way,244740806
building,way,244740807
building,way,244740809
building,way,244740811
building,way,244740812
building,way,244740813
building,way,244740814
building,way,244740815
building,way,244740816
building,way,244740817
building,way,244740819
building,way,244740821
building,way,244740822
building,way,244740823
building,way,244740824
building,way,244740825
building,way,244740826
building,way,244740827
building,way,244740828
building,way,244740829
building,way,244740830
building,way,244740831
building,way,244740833
building,way,244740834
building,way,244740835
building,way,244740836
building,way,244740838
building,way,244740840
building,way,244740841
building,way,244740843
building,way,244740845
building,way,244740846
building,way,244740847
building,way,244740849
building,way,244740850
building,way,244740851
building,way,244740852
building,way,244740853
building,way,244740854
building,way,244740855
building,way,244740857
building,way,244740859
building,way,244740860
building,way,244740861
building,way,244740862
building,way,244740863
building,way,244740864
building,way,244740865
building,way,244740867
building,way,244740868
building,way,244740871
building,way,244740874
building,way,244740876
building,way,244740878
building,way,244740880
building,way,244740883
building,way,244740885
building,way,244740887
building,way,244740890
building,way,244740892
building,way,244740894
building,way,244740896
building,way,244740898
building,way,244740901
building,way,244740903
building,way,244740906
building,way,244740909
building,way,244740911
building,way,244740913
building,way,244740914
building,way,244740915
building,way,244740916
building,way,244740917
building,way,244740918
building,way,244740919
building,way,244740920
building,way,244740921
building,way,244740922
building,way,244740924
building,way,244740925
building,way,244740927
building,way,244740929
building,way,244740930
building,way,244740932
building,way,244740933
building,way,244740934
building,way,244740937
building,way,244740941
building,way,244740944
building,way,244740945
building,way,244740946
building,way,244740947
building,way,244740948
building,way,244740949
building,way,244740950
building,way,244740952
building,way,244740954
building,way,244740955
building,way,244740956
building,way,244740957
building,way,244740958
building,way,244740961
building,way,244740962
building,way,244740963
building,way,244740966
building,way,244740968
building,way,244740969
building,way,244740971
building,way,244740972
building,way,244740973
building,way,244740974
building,way,244740975
building,way,244740976
building,way,244740977
building,way,244740978
building,way,244740979
building,way,244740980
building,way,244740981
building,way,244740982
building,way,244740984
building,way,244740985
building,way,244740986
building,way,244740988
building,way,244740989
building,way,244740990
building,way,244740991
building,way,244740992
building,way,244740993
building,way,244740994
building,way,244740995
building,way,244740996
building,way,244740997
building,way,244740998
building,way,244740999
building,way,244741000
building,way,244741002
building,way,244741003
building,way,244741004
building,way,244741005
building,way,244741006
building,way,244741007
building,way,244741008
building,way,244741009
building,way,244741010
building,way,244741011
building,way,244741012
building,way,244741013
building,way,244741014
building,way,244741015
building,way,244741017
building,way,244741019
building,way,244741020
building,way,244741021
building,way,244741022
building,way,244741023
building,way,244741024
building,way,244741025
building,way,244741026
building,way,244741027
building,way,244741028
building,way,244741029
building,way,244741030
building,way,244741031
building,way,244741032
building,way,244741033
building,way,244741034
building,way,244741035
building,way,244741036
building,way,244741037
building,way,244741038
building,way,244741041
building,way,244741043
building,way,244741044
building,way,244741045
building,way,244741049
building,way,244741052
building,way,244741056
building,way,244741057
building,way,244741058
building,way,244741059
building,way,244741061
building,way,244741064
building,way,244741068
building,way,244741071
building,way,244741074
building,way,244741076
building,way,244741077
building,way,244741079
building,way,244741080
building,way,244741081
building,way,244741082
building,way,244741083
building,way,244741084
building,way,244741085
building,way,244741086
building,way,244741087
building,way,244741088
building,way,244741090
building,way,244741092
building,way,244741093
building,way,244741094
building,way,244741095
building,way,244741096
building,way,244741097
building,way,244741098
building,way,244741099
building,way,244741100
building,way,244741101
building,way,244741102
building,way,244741103
building,way,244741104
building,way,244741106
building,way,244741107
building,way,244741108
building,way,244741109
building,way,244741110
building,way,244741111
building,way,244741112
building,way,244741113
building,way,244741115
building,way,244741116
building,way,244741117
building,way,244741118
building,way,244741119
building,way,244741120
building,way,244741121
building,way,244741122
building,way,244741123
building,way,244741124
building,way,244741125
building,way,244741126
building,way,244741127
building,way,244741128
building,way,244741130
building,way,244741131
building,way,244741132
building,way,244741133
building,way,244741134
building,way,244741135
building,way,244741136
building,way,244741137
building,way,244741138
building,way,244741139
building,way,244741140
building,way,244741141
building,way,244741142
building,way,244741143
building,way,244741144
building,way,244741145
building,way,244741146
building,way,244741147
building,way,244741148
building,way,244741149
building,way,244741150
building,way,244741151
building,way,244741152
building,way,244741153
building,way,244741155
building,way,244741156
building,way,244741157
building,way,244741158
building,way,244741159
building,way,244741160
building,way,244741162
building,way,244741163
building,way,244741164
building,way,244741165
building,way,244741166
building,way,244741167
building,way,244741169
building,way,244741170
building,way,244741171
building,way,244741175
building,way,244741176
building,way,244741177
building,way,244741178
building,way,244741179
building,way,244741180
building,way,244741181
building,way,244741182
building,way,244741188
building,way,244741191
building,way,244741193
building,way,244741196
building,way,244741199
building,way,244741201
building,way,244741202
building,way,244741203
building,way,244741204
building,way,244741205
building,way,244741206
building,way,244741207
building,way,244741208
building,way,244741209
building,way,244741211
building,way,244741212
building,way,244741213
building,way,244741214
building,way,244741215
building,way,244741216
building,way,244741217
building,way,244741218
building,way,244741219
building,way,244741220
building,way,244741221
building,way,244741222
building,way,244741223
building,way,244741224
building,way,244741225
building,way,244741226
building,way,244741227
building,way,244741228
building,way,244741229
building,way,244741230
building,way,244741231
building,way,244741233
building,way,244741235
building,way,244741236
building,way,244741238
building,way,244741239
building,way,244741240
building,way,244741241
building,way,244741242
building,way,244741243
building,way,244741246
building,way,244741248
building,way,244741249
building,way,244741250
building,way,244741251
building,way,244741252
building,way,244741253
building,way,244741256
building,way,244741259
building,way,244741261
building,way,244741262
building,way,244741263
building,way,244741264
building,way,244741265
building,way,244741266
building,way,244741267
building,way,244741268
building,way,244741269
building,way,244741270
building,way,244741271
building,way,244741272
building,way,244741273
building,way,244741275
building,way,244741276
building,way,244741277
building,way,244741278
building,way,244741279
building,way,244741280
building,way,244741282
building,way,244741283
building,way,244741284
building,way,244741286
building,way,244741287
building,way,244741288
building,way,244741289
building,way,244741290
building,way,244741291
building,way,244741292
building,way,244741293
building,way,244741294
building,way,244741296
building,way,244741297
building,way,244741298
building,way,244741299
building,way,244741302
building,way,244741304
building,way,244741307
building,way,244741309
building,way,244741311
building,way,244741313
building,way,244741315
building,way,244741317
building,way,244741319
building,way,244741322
building,way,244741324
building,way,244985493
building,way,290509435
building,way,296891493
building,way,296891494
building,way,303692864
building,way,303692865
building,way,303692866
building,way,303692867
building,way,303692868
building,way,303692869
building,way,303692870
building,way,303692872
building,way,303692873
building,way,303692874
building,way,303692875
building,way,303692876
building,way,303692878
building,way,303692879
building,way,303692880
building,way,303692882
building,way,303692883
building,way,303692884
building,way,303692885
building,way,303692886
building,way,303692888
building,way,303692889
building,way,303692890
building,way,303692892
building,way,303692897
building,way,303692900
building,way,303692901
building,way,303692902
building,way,303692904
building,way,303692905
building,way,303692907
building,way,303692909
building,way,303692911
building,way,303692913
building,way,303692915
building,way,303692916
building,way,303692918
building,way,303692920
building,way,303692921
building,way,303692923
building,way,303692924
building,way,303692925
building,way,303692926
building,way,303692927
building,way,303692928
building,way,303692930
building,way,303692932
building,way,303692934
building,way,303692935
building,way,303692936
building,way,303692937
building,way,303692938
building,way,303692939
building,way,303692940
building,way,303692941
building,way,303692942
building,way,303692943
building,way,303692944
building,way,303692945
building,way,303692946
building,way,303693602
building,way,333659901
building,way,361609852
building,way,392740862
building,way,395066808
building,way,423688125
building,way,443028533
building,way,443028534
building,way,449064952
building,way,583428619
building,way,583428620
building,way,583428621
building,way,583428667
building,way,622063774
building,way,622063780
building,way,622063782
building,way,622063784
building,way,622063787
building,way,622063789
building,way,622063790
building,way,622063792
building,way,622063793
building,way,622063818
building,way,622063820
building,way,622063822
building,way,622063824
building,way,622063826
building,way,622063828
building,way,622063830
building,way,622063831
building,way,622063833
building,way,622063836
building,way,622063838
building,way,622063840
building,way,622063842
building,way,622063844
building,way,622063846
building,way,622063848
building,way,622063849
building,way,622063851
building,way,622063853
building,way,622063856
building,way,622063859
building,way,622063861
building,way,622063863
building,way,622063868
building,way,622063870
building,way,622063872
building,way,622063874
building,way,622063875
building,way,622063877
building,way,622063879
building,way,622063880
building,way,622063881
building,way,622063882
building,way,622063883
building,way,622063884
building,way,622063886
building,way,622063897
building,way,622063920
building,way,622063935
building,way,622063936
building,way,622063938
building,way,622063960
building,way,622063997
building,way,622064005
building,way,622117774
building,way,622117779
building,way,622117799
building,way,622140893
building,way,622140894
building,way,622140895
building,way,622140897
building,way,622140898
building,way,622140899
building,way,622140900
building,way,622140901
building,way,622140902
building,way,622140906
building,way,622140907
building,way,622140908
building,way,622140909
building,way,622140910
building,way,622140911
building,way,622140912
building,way,622140913
building,way,622140914
building,way,622140915
building,way,622140916
building,way,622140918
building,way,622140919
building,way,622140966
building,way,622140967
building,way,622140968
building,way,622140969
building,way,622140970
building,way,622140971
building,way,622140972
building,way,622140973
building,way,622140974
building,way,622140976
building,way,622140977
building,way,622140978
building,way,622140982
building,way,622140983
building,way,622140984
building,way,622140985
building,way,622140986
building,way,622140987
building,way,622140988
building,way,622140989
building,way,622140990
building,way,622140991
building,way,622140993
building,way,622140994
building,way,622140995
building,way,622140996
building,way,622140997
building,way,622140998
building,way,622140999
building,way,622141000
building,way,622141001
building,way,622141002
building,way,622141003
building,way,622141004
building,way,622141006
building,way,622141008
building,way,622141009
building,way,622141010
building,way,622141011
building,way,622141012
building,way,622141013
building,way,622141014
building,way,622141015
building,way,622141016
building,way,622141017
building,way,622141018
building,way,622141020
building,way,622141022
building,way,622141023
building,way,622141024
building,way,622141025
building,way,622141026
building,way,622141027
building,way,622141028
building,way,622141030
building,way,622141031
building,way,622141032
building,way,622141033
building,way,622141034
building,way,622141035
building,way,622141036
building,way,622141037
building,way,622141038
building,way,622141039
building,way,622141040
building,way,622141042
building,way,622141043
building,way,622141044
building,way,622141045
building,way,622141046
building,way,622141047
building,way,622141048
building,way,622141049
building,way,622141050
building,way,622141051
building,way,622379572
building,way,622379573
building,way,622379574
building,way,622379576
building,way,622379577
building,way,622379579
building,way,622379580
building,way,622379607
building,way,622379609
building,way,622379611
building,way,622379622
building,way,622379624
building,way,622379626
building,way,622379628
building,way,622379630
building,way,622379631
building,way,622389381
building,way,622432646
building,way,622432648
building,way,622432650
building,way,622432652
building,way,622432654
building,way,622432678
building,way,622432694
building,way,622432708
building,way,622432710
building,way,622432715
building,way,622432717
building,way,622432719
building,way,622432721
building,way,622432723
building,way,622432725
building,way,622432727
building,way,622432733
building,way,622432735
building,way,622432739
building,way,622432743
building,way,622432746
building,way,622432749
building,way,622432752
building,way,622432756
building,way,622432757
building,way,622432759
building,way,622432786
building,way,622432787
building,way,622432789
building,way,622432790
building,way,622432791
building,way,622432792
building,way,622432793
building,way,622432794
building,way,622432798
building,way,622432814
building,way,622432815
building,way,622432817
building,way,622432833
building,way,622432836
building,way,622432843
building,way,622476941
building,way,622476943
building,way,622476946
building,way,622476948
building,way,622476950
building,way,622476952
building,way,622476954
building,way,622476956
building,way,622476958
building,way,622476961
building,way,622476963
building,way,622476982
building,way,622476986
building,way,622476987
building,way,622476988
building,way,622476989
building,way,622476990
building,way,622476991
building,way,622476992
building,way,622476993
building,way,622476996
building,way,622477003
building,way,622477004
building,way,622477005
building,way,622477006
building,way,622477007
building,way,622477008
building,way,622477009
building,way,622477010
building,way,622477011
building,way,622477025
building,way,622477032
building,way,622477043
building,way,622477044
building,way,622477045
building,way,622477046
building,way,622477050
building,way,622477051
building,way,622477052
building,way,622477054
building,way,622477055
building,way,622477056
building,way,622477058
building,way,622477060
building,way,622477072
building,way,622477078
building,way,622477081
building,way,622477082
building,way,622477083
building,way,622477084
building,way,622477088
building,way,622477089
building,way,622477090
building,way,622477091
building,way,622477092
building,way,622477093
building,way,622701639
building,way,622701641
building,way,622701646
building,way,622701648
building,way,622701649
building,way,622701650
building,way,622701651
building,way,622701652
building,way,622701653
building,way,622701654
building,way,622701655
building,way,622701656
building,way,622701657
building,way,622701658
building,way,622701659
building,way,622701660
building,way,622701661
building,way,622701662
building,way,622701663
building,way,622701664
building,way,622701665
building,way,622701666
building,way,622701667
building,way,622701668
building,way,622701686
building,way,622701687
building,way,622701688
building,way,622701707
building,way,622701708
building,way,622701709
building,way,622701710
building,way,622701711
building,way,622701712
building,way,622701713
building,way,622701714
building,way,622701725
building,way,622701726
building,way,622701727
building,way,622701728
building,way,622701729
building,way,622701739
building,way,622701740
building,way,622745836
building,way,622745837
building,way,622745838
building,way,622745839
building,way,622745840
building,way,622745841
building,way,622745842
building,way,622745843
building,way,622745844
building,way,622745845
building,way,622745846
building,way,622745847
building,way,622745848
building,way,622745849
building,way,622745850
building,way,622745851
building,way,622745852
building,way,622745870
building,way,622792465
building,way,622792468
building,way,622792471
building,way,622792474
building,way,622814493
building,way,622814495
building,way,622814497
building,way,622814502
building,way,622814504
building,way,622814514
building,way,622814515
building,way,622814521
building,way,622814522
building,way,622814523
building,way,622814524
building,way,622814525
building,way,622814535
building,way,622814539
building,way,622814541
building,way,622814592
building,way,622814594
building,way,622814597
building,way,622814599
building,way,622814602
building,way,622814675
building,way,622814677
building,way,622814680
building,way,622814682
building,way,622814685
building,way,622814688
building,way,622899141
building,way,622899142
building,way,622899149
building,way,622899154
building,way,622899157
building,way,622899158
building,way,622899163
building,way,622899168
building,way,622899171
building,way,622899172
building,way,622899176
building,way,622899177
building,way,622899178
building,way,622899179
building,way,623054069
building,way,623203655
building,way,623778345
building,way,623778346
building,way,623778351
building,way,623778352
building,way,623778353
building,way,623778354
building,way,632627517
building,way,632627518
building,way,632627519
building,way,639833566
building,way,639833567
building,way,642651235
building,way,655101555
building,way,655101557
building,way,655101558
building,way,655101559
building,way,655101560
building,way,655101561
building,way,655101562
building,way,655101563
building,way,655101564
building,way,655101565
building,way,655104111
building,way,668176615
building,way,673989922
building,way,673989923
building,way,673989924
building,way,691405374
building,way,692098306
building,way,692098307
building,way,692098308
building,way,692098309
building,way,692098310
building,way,692098311
building,way,692098312
building,way,692098313
building,way,692098314
building,way,692098315
building,way,692098316
building,way,692098317
building,way,692098318
building,way,692098319
building,way,692098320
building,way,692098321
building,way,692098322
building,way,692098323
building,way,692098324
building,way,692098325
building,way,692098326
building,way,692098327
building,way,712016627
building,way,960818473
building,way,979825724
building,way,979825725
building,way,979825726
building,way,979825730
building,way,979825731
building,way,979825739
building,way,979825740
building,way,979825741
building,way,979825763
building,way,979825807
building,way,979825808
building,way,979825809
building,way,979825810
building,way,979883319
building,way,979883320
building,way,979883324
building,way,979883328
building,way,979883329
building,way,979883331
building,way,979883332
building,way,979883340
building,way,979883341
building,way,987105324
building,way,1012891961
building,way,1012892091
building,way,1083328599
building,way,1090564160
building,way,1090564162
building,way,1090564164
building,way,1090577755
building,way,1126320580
building,way,1131048803
building,way,1131048804
building,way,1149745741
building,way,1150272215
building,way,1150272227
building,way,1155903118
building,way,1160223264
building,way,1160223265
building,way,1160223266
building,way,1160223267
building,way,1160223268
building,way,1160223269
building,way,1160223270
building,way,1160223271
building,way,1160223272
building,way,1160223274
building,way,1160223275
building,way,1160223276
building,way,1160223277
building,way,1160223278
building,way,1160223279
building,way,1160223280
building,way,1160223281
building,way,1160223282
building,way,1160223283
building,way,1160223284
building,way,1160223285
building,way,1160223286
building,way,1160223287
building,way,1160223288
building,way,1160223289
building,way,1160223290
building,way,1160223291
building,way,1160223292
building,way,1160223293
building,way,1160223294
building,way,1160223295
building,way,1160223296
building,way,1160223297
building,way,1160223298
building,way,1160223299
building,way,1160223300
building,way,1160223301
building,way,1160223302
building,way,1160223303
building,way,1160223304
building,way,1160223305
building,way,1160223306
building,way,1160223307
building,way,1160223308
building,way,1160223309
building,way,1160223310
building,way,1160223311
building,way,1160223312
building,way,1160223313
building,way,1160223314
building,way,1160223315
building,way,1160223316
building,way,1160223317
building,way,1160223318
building,way,1160223319
building,way,1160223320
building,way,1160223321
building,way,1160223322
building,way,1160223323
building,way,1160223324
building,way,1160223325
building,way,1160223326
building,way,1160223327
building,way,1160223328
building,way,1160223329
building,way,1160223330
building,way,1160223331
building,way,1160223332
building,way,1160223333
building,way,1160223334
building,way,1160223335
building,way,1160223336
building,way,1160223337
building,way,1160223338
building,way,1160223339
building,way,1160223340
building,way,1160223341
building,way,1160223342
building,way,1160223343
building,way,1160223344
building,way,1160223345
building,way,1160223346
building,way,1160223347
building,way,1160223348
building,way,1160223349
building,way,1160223350
building,way,1160223351
building,way,1160223352
building,way,1160223353
building,way,1160223354
building,way,1160223355
building,way,1160223356
building,way,1160223357
building,way,1160223358
building,way,1160223359
building,way,1160223360
building,way,1160223361
building,way,1160223362
building,way,1160223363
building,way,1160223364
building,way,1160223365
building,way,1160223366
building,way,1160223367
building,way,1160223368
building,way,1160223369
building,way,1160223370
building,way,1160223371
building,way,1160223372
building,way,1160223373
building,way,1160223374
building,way,1160223375
building,way,1160223376
building,way,1160223377
building,way,1160223378
building,way,1160233601
building,way,1160233602
building,way,1160233603
building,way,1160233604
building,way,1160233606
building,way,1160233607
building,way,1160233609
building,way,1160233610
building,way,1160233611
building,way,1160233612
building,way,1160233614
building,way,1160233615
building,way,1160233616
building,way,1160233617
building,way,1160233618
building,way,1160233619
building,way,1160233620
building,way,1160233621
building,way,1160233622
building,way,1160233623
building,way,1160233624
building,way,1160233625
building,way,1196039185
building,way,1196039188
building,way,1196039189
building,way,1196039190
building,way,1196039196
building,way,1216252154
building,way,1216252155
building,way,1217728557
building,way,1222068158
building,way,1222069193
building,way,1222070410
building,way,1233500415
building,way,1233500421
building,way,1263632691
building,way,1263632692
building,way,1263632693
building,way,1263632694
building,way,1263632695
building,way,1263632696
building,way,1263632697
building,way,1263632709
building,way,1271262833
building,way,1271262835
building,way,1271266497
building,way,1271266498
building,way,1271266499
building,way,1271266500
building,way,1271266501
building,way,1271266502
building,way,1271266507
building,way,1271266508
building,way,1271573796
building,way,1271573797
building,way,1271573805
building,way,1271573806
building,way,1271573807
building,way,1271573809
building,way,1271573810
building,way,1271573812
building,way,1284459941
building,way,1373283699
building,way,1373283700
building,way,1373284559
building,way,1426869221
building,way,1426869223
building,way,1426869224
building,way,1431566565
building,way,1446794839
building,way,1446794840
building,way,1456677326
building,way,1456677327
building,way,1456677328
building,way,1456677329
building,way,1456677330
building,way,1456677331
building,way,1456677333
building,way,1456677334
building,way,1456677335
building,way,1456677336
building,way,1456677337
building,way,1456677338
building,way,1456677339
building,way,1456677340
building,way,1456677341
building,way,1456677342
building,way,1456677343
building,way,1456677344
building,way,1456684345
building,way,1456684346
building,way,1456684347
building,way,1456684348
building,way,1456684350
building,way,1456684351
building,way,1456684352
building,way,1456684353
building,way,1456684354
building,way,1456684355
building,way,1495279673
building,way,1495283968
building,way,1495283969
building,way,1495283970
building,way,1495283971
building,way,1495283972
building,way,1495283973
building,way,1495283974
building,way,1495283975
building,way,1495283976
building,way,1495283977
building,way,1495283978
building,way,1495283979
building,way,1495283980
building,way,1495283981
building,way,1495283982
building,way,1495283983
building,way,1495283984
building,way,1495283985
building,way,1495283986
building,way,1495283987
building,way,1495283988
building,way,1495283989
building,way,1495283990
building,way,1495283991
building,way,1495283992
building,way,1495283993
building,way,1495283994
building,way,1495283995
building,way,1495285311
building,way,1495285312
building,way,1495285313
building,way,1511500668
building,way,1511500669
building,way,1511500670
building,way,1511500671
building,way,1539094998
building,way,1557207023
building,way,1558815970
building,way,1558833515
building,way,1558833516
building,way,1558833518
building,way,1558833519
